Date,Open,High,Low,Close,Volume,Adj Close
2011-11-23,nan,nan,nan,nan,nan,nan
2011-11-22,nan,nan,nan,nan,nan,nan
2011-11-21,nan,nan,nan,nan,nan,nan
2011-11-18,nan,nan,nan,nan,nan,nan
2011-11-17,nan,nan,nan,nan,nan,nan
2011-11-16,nan,nan,nan,nan,nan,nan
2011-11-15,nan,nan,nan,nan,nan,nan
2011-11-14,nan,nan,nan,nan,nan,nan
2011-11-11,nan,nan,nan,nan,nan,nan
2011-11-10,nan,nan,nan,nan,nan,nan
2011-11-09,nan,nan,nan,nan,nan,nan
2011-11-08,nan,nan,nan,nan,nan,nan
2011-11-07,nan,nan,nan,nan,nan,nan
2011-11-04,nan,nan,nan,nan,nan,nan
2011-11-03,nan,nan,nan,nan,nan,nan
2011-11-02,nan,nan,nan,nan,nan,nan
2011-11-01,nan,nan,nan,nan,nan,nan
2011-10-31,nan,nan,nan,nan,nan,nan
2011-10-28,nan,nan,nan,nan,nan,nan
2011-10-27,nan,nan,nan,nan,nan,nan
2011-10-26,nan,nan,nan,nan,nan,nan
2011-10-25,nan,nan,nan,nan,nan,nan
2011-10-24,nan,nan,nan,nan,nan,nan
2011-10-21,nan,nan,nan,nan,nan,nan
2011-10-20,nan,nan,nan,nan,nan,nan
2011-10-19,nan,nan,nan,nan,nan,nan
2011-10-18,nan,nan,nan,nan,nan,nan
2011-10-17,nan,nan,nan,nan,nan,nan
2011-10-14,nan,nan,nan,nan,nan,nan
2011-10-13,nan,nan,nan,nan,nan,nan
2011-10-12,nan,nan,nan,nan,nan,nan
2011-10-11,nan,nan,nan,nan,nan,nan
2011-10-10,nan,nan,nan,nan,nan,nan
2011-10-07,nan,nan,nan,nan,nan,nan
2011-10-06,nan,nan,nan,nan,nan,nan
2011-10-05,nan,nan,nan,nan,nan,nan
2011-10-04,nan,nan,nan,nan,nan,nan
2011-10-03,nan,nan,nan,nan,nan,nan
2011-09-30,nan,nan,nan,nan,nan,nan
2011-09-29,nan,nan,nan,nan,nan,nan
2011-09-28,nan,nan,nan,nan,nan,nan
2011-09-27,nan,nan,nan,nan,nan,nan
2011-09-26,nan,nan,nan,nan,nan,nan
2011-09-23,nan,nan,nan,nan,nan,nan
2011-09-22,nan,nan,nan,nan,nan,nan
2011-09-21,nan,nan,nan,nan,nan,nan
2011-09-20,nan,nan,nan,nan,nan,nan
2011-09-19,nan,nan,nan,nan,nan,nan
2011-09-16,nan,nan,nan,nan,nan,nan
2011-09-15,nan,nan,nan,nan,nan,nan
2011-09-14,nan,nan,nan,nan,nan,nan
2011-09-13,nan,nan,nan,nan,nan,nan
2011-09-12,nan,nan,nan,nan,nan,nan
2011-09-09,nan,nan,nan,nan,nan,nan
2011-09-08,nan,nan,nan,nan,nan,nan
2011-09-07,nan,nan,nan,nan,nan,nan
2011-09-06,nan,nan,nan,nan,nan,nan
2011-09-02,nan,nan,nan,nan,nan,nan
2011-09-01,nan,nan,nan,nan,nan,nan
2011-08-31,nan,nan,nan,nan,nan,nan
2011-08-30,nan,nan,nan,nan,nan,nan
2011-08-29,nan,nan,nan,nan,nan,nan
2011-08-26,nan,nan,nan,nan,nan,nan
2011-08-25,nan,nan,nan,nan,nan,nan
2011-08-24,nan,nan,nan,nan,nan,nan
2011-08-23,nan,nan,nan,nan,nan,nan
2011-08-22,nan,nan,nan,nan,nan,nan
2011-08-19,nan,nan,nan,nan,nan,nan
2011-08-18,nan,nan,nan,nan,nan,nan
2011-08-17,nan,nan,nan,nan,nan,nan
2011-08-16,nan,nan,nan,nan,nan,nan
2011-08-15,nan,nan,nan,nan,nan,nan
2011-08-12,nan,nan,nan,nan,nan,nan
2011-08-11,nan,nan,nan,nan,nan,nan
2011-08-10,nan,nan,nan,nan,nan,nan
2011-08-09,nan,nan,nan,nan,nan,nan
2011-08-08,nan,nan,nan,nan,nan,nan
2011-08-05,nan,nan,nan,nan,nan,nan
2011-08-04,nan,nan,nan,nan,nan,nan
2011-08-03,nan,nan,nan,nan,nan,nan
2011-08-02,nan,nan,nan,nan,nan,nan
2011-08-01,nan,nan,nan,nan,nan,nan
2011-07-29,nan,nan,nan,nan,nan,nan
2011-07-28,nan,nan,nan,nan,nan,nan
2011-07-27,nan,nan,nan,nan,nan,nan
2011-07-26,nan,nan,nan,nan,nan,nan
2011-07-25,nan,nan,nan,nan,nan,nan
2011-07-22,nan,nan,nan,nan,nan,nan
2011-07-21,nan,nan,nan,nan,nan,nan
2011-07-20,nan,nan,nan,nan,nan,nan
2011-07-19,nan,nan,nan,nan,nan,nan
2011-07-18,nan,nan,nan,nan,nan,nan
2011-07-15,nan,nan,nan,nan,nan,nan
2011-07-14,nan,nan,nan,nan,nan,nan
2011-07-13,nan,nan,nan,nan,nan,nan
2011-07-12,nan,nan,nan,nan,nan,nan
2011-07-11,nan,nan,nan,nan,nan,nan
2011-07-08,nan,nan,nan,nan,nan,nan
2011-07-07,nan,nan,nan,nan,nan,nan
2011-07-06,nan,nan,nan,nan,nan,nan
2011-07-05,nan,nan,nan,nan,nan,nan
2011-07-01,nan,nan,nan,nan,nan,nan
2011-06-30,nan,nan,nan,nan,nan,nan
2011-06-29,nan,nan,nan,nan,nan,nan
2011-06-28,nan,nan,nan,nan,nan,nan
2011-06-27,nan,nan,nan,nan,nan,nan
2011-06-24,nan,nan,nan,nan,nan,nan
2011-06-23,nan,nan,nan,nan,nan,nan
2011-06-22,nan,nan,nan,nan,nan,nan
2011-06-21,nan,nan,nan,nan,nan,nan
2011-06-20,nan,nan,nan,nan,nan,nan
2011-06-17,nan,nan,nan,nan,nan,nan
2011-06-16,nan,nan,nan,nan,nan,nan
2011-06-15,nan,nan,nan,nan,nan,nan
2011-06-14,nan,nan,nan,nan,nan,nan
2011-06-13,nan,nan,nan,nan,nan,nan
2011-06-10,nan,nan,nan,nan,nan,nan
2011-06-09,nan,nan,nan,nan,nan,nan
2011-06-08,nan,nan,nan,nan,nan,nan
2011-06-07,nan,nan,nan,nan,nan,nan
2011-06-06,nan,nan,nan,nan,nan,nan
2011-06-03,nan,nan,nan,nan,nan,nan
2011-06-02,nan,nan,nan,nan,nan,nan
2011-06-01,nan,nan,nan,nan,nan,nan
2011-05-31,nan,nan,nan,nan,nan,nan
2011-05-27,nan,nan,nan,nan,nan,nan
2011-05-26,nan,nan,nan,nan,nan,nan
2011-05-25,nan,nan,nan,nan,nan,nan
2011-05-24,nan,nan,nan,nan,nan,nan
2011-05-23,nan,nan,nan,nan,nan,nan
2011-05-20,nan,nan,nan,nan,nan,nan
2011-05-19,nan,nan,nan,nan,nan,nan
2011-05-18,nan,nan,nan,nan,nan,nan
2011-05-17,nan,nan,nan,nan,nan,nan
2011-05-16,nan,nan,nan,nan,nan,nan
2011-05-13,nan,nan,nan,nan,nan,nan
2011-05-12,nan,nan,nan,nan,nan,nan
2011-05-11,nan,nan,nan,nan,nan,nan
2011-05-10,nan,nan,nan,nan,nan,nan
2011-05-09,nan,nan,nan,nan,nan,nan
2011-05-06,nan,nan,nan,nan,nan,nan
2011-05-05,nan,nan,nan,nan,nan,nan
2011-05-04,nan,nan,nan,nan,nan,nan
2011-05-03,nan,nan,nan,nan,nan,nan
2011-05-02,nan,nan,nan,nan,nan,nan
2011-04-29,nan,nan,nan,nan,nan,nan
2011-04-28,nan,nan,nan,nan,nan,nan
2011-04-27,nan,nan,nan,nan,nan,nan
2011-04-26,nan,nan,nan,nan,nan,nan
2011-04-25,nan,nan,nan,nan,nan,nan
2011-04-21,nan,nan,nan,nan,nan,nan
2011-04-20,nan,nan,nan,nan,nan,nan
2011-04-19,nan,nan,nan,nan,nan,nan
2011-04-18,nan,nan,nan,nan,nan,nan
2011-04-15,nan,nan,nan,nan,nan,nan
2011-04-14,nan,nan,nan,nan,nan,nan
2011-04-13,nan,nan,nan,nan,nan,nan
2011-04-12,nan,nan,nan,nan,nan,nan
2011-04-11,nan,nan,nan,nan,nan,nan
2011-04-08,nan,nan,nan,nan,nan,nan
2011-04-07,nan,nan,nan,nan,nan,nan
2011-04-06,nan,nan,nan,nan,nan,nan
2011-04-05,nan,nan,nan,nan,nan,nan
2011-04-04,nan,nan,nan,nan,nan,nan
2011-04-01,nan,nan,nan,nan,nan,nan
2011-03-31,nan,nan,nan,nan,nan,nan
2011-03-30,nan,nan,nan,nan,nan,nan
2011-03-29,nan,nan,nan,nan,nan,nan
2011-03-28,nan,nan,nan,nan,nan,nan
2011-03-25,nan,nan,nan,nan,nan,nan
2011-03-24,nan,nan,nan,nan,nan,nan
2011-03-23,nan,nan,nan,nan,nan,nan
2011-03-22,nan,nan,nan,nan,nan,nan
2011-03-21,nan,nan,nan,nan,nan,nan
2011-03-18,nan,nan,nan,nan,nan,nan
2011-03-17,nan,nan,nan,nan,nan,nan
2011-03-16,nan,nan,nan,nan,nan,nan
2011-03-15,nan,nan,nan,nan,nan,nan
2011-03-14,nan,nan,nan,nan,nan,nan
2011-03-11,nan,nan,nan,nan,nan,nan
2011-03-10,nan,nan,nan,nan,nan,nan
2011-03-09,nan,nan,nan,nan,nan,nan
2011-03-08,nan,nan,nan,nan,nan,nan
2011-03-07,nan,nan,nan,nan,nan,nan
2011-03-04,nan,nan,nan,nan,nan,nan
2011-03-03,nan,nan,nan,nan,nan,nan
2011-03-02,nan,nan,nan,nan,nan,nan
2011-03-01,nan,nan,nan,nan,nan,nan
2011-02-28,nan,nan,nan,nan,nan,nan
2011-02-25,nan,nan,nan,nan,nan,nan
2011-02-24,nan,nan,nan,nan,nan,nan
2011-02-23,nan,nan,nan,nan,nan,nan
2011-02-22,nan,nan,nan,nan,nan,nan
2011-02-18,nan,nan,nan,nan,nan,nan
2011-02-17,nan,nan,nan,nan,nan,nan
2011-02-16,nan,nan,nan,nan,nan,nan
2011-02-15,nan,nan,nan,nan,nan,nan
2011-02-14,nan,nan,nan,nan,nan,nan
2011-02-11,nan,nan,nan,nan,nan,nan
2011-02-10,nan,nan,nan,nan,nan,nan
2011-02-09,nan,nan,nan,nan,nan,nan
2011-02-08,nan,nan,nan,nan,nan,nan
2011-02-07,nan,nan,nan,nan,nan,nan
2011-02-04,nan,nan,nan,nan,nan,nan
2011-02-03,nan,nan,nan,nan,nan,nan
2011-02-02,nan,nan,nan,nan,nan,nan
2011-02-01,nan,nan,nan,nan,nan,nan
2011-01-31,nan,nan,nan,nan,nan,nan
2011-01-28,nan,nan,nan,nan,nan,nan
2011-01-27,nan,nan,nan,nan,nan,nan
2011-01-26,nan,nan,nan,nan,nan,nan
2011-01-25,nan,nan,nan,nan,nan,nan
2011-01-24,nan,nan,nan,nan,nan,nan
2011-01-21,nan,nan,nan,nan,nan,nan
2011-01-20,nan,nan,nan,nan,nan,nan
2011-01-19,nan,nan,nan,nan,nan,nan
2011-01-18,nan,nan,nan,nan,nan,nan
2011-01-14,nan,nan,nan,nan,nan,nan
2011-01-13,nan,nan,nan,nan,nan,nan
2011-01-12,nan,nan,nan,nan,nan,nan
2011-01-11,nan,nan,nan,nan,nan,nan
2011-01-10,nan,nan,nan,nan,nan,nan
2011-01-07,nan,nan,nan,nan,nan,nan
2011-01-06,nan,nan,nan,nan,nan,nan
2011-01-05,nan,nan,nan,nan,nan,nan
2011-01-04,nan,nan,nan,nan,nan,nan
2011-01-03,nan,nan,nan,nan,nan,nan
2010-12-31,nan,nan,nan,nan,nan,nan
2010-12-30,nan,nan,nan,nan,nan,nan
2010-12-29,nan,nan,nan,nan,nan,nan
2010-12-28,nan,nan,nan,nan,nan,nan
2010-12-27,nan,nan,nan,nan,nan,nan
2010-12-23,nan,nan,nan,nan,nan,nan
2010-12-22,nan,nan,nan,nan,nan,nan
2010-12-21,nan,nan,nan,nan,nan,nan
2010-12-20,nan,nan,nan,nan,nan,nan
2010-12-17,nan,nan,nan,nan,nan,nan
2010-12-16,nan,nan,nan,nan,nan,nan
2010-12-15,nan,nan,nan,nan,nan,nan
2010-12-14,nan,nan,nan,nan,nan,nan
2010-12-13,nan,nan,nan,nan,nan,nan
2010-12-10,nan,nan,nan,nan,nan,nan
2010-12-09,nan,nan,nan,nan,nan,nan
2010-12-08,nan,nan,nan,nan,nan,nan
2010-12-07,nan,nan,nan,nan,nan,nan
2010-12-06,nan,nan,nan,nan,nan,nan
2010-12-03,nan,nan,nan,nan,nan,nan
2010-12-02,nan,nan,nan,nan,nan,nan
2010-12-01,nan,nan,nan,nan,nan,nan
2010-11-30,nan,nan,nan,nan,nan,nan
2010-11-29,nan,nan,nan,nan,nan,nan
2010-11-26,nan,nan,nan,nan,nan,nan
2010-11-24,nan,nan,nan,nan,nan,nan
2010-11-23,nan,nan,nan,nan,nan,nan
2010-11-22,nan,nan,nan,nan,nan,nan
2010-11-19,nan,nan,nan,nan,nan,nan
2010-11-18,nan,nan,nan,nan,nan,nan
2010-11-17,nan,nan,nan,nan,nan,nan
2010-11-16,nan,nan,nan,nan,nan,nan
2010-11-15,nan,nan,nan,nan,nan,nan
2010-11-12,nan,nan,nan,nan,nan,nan
2010-11-11,nan,nan,nan,nan,nan,nan
2010-11-10,nan,nan,nan,nan,nan,nan
2010-11-09,nan,nan,nan,nan,nan,nan
2010-11-08,nan,nan,nan,nan,nan,nan
2010-11-05,nan,nan,nan,nan,nan,nan
2010-11-04,nan,nan,nan,nan,nan,nan
2010-11-03,nan,nan,nan,nan,nan,nan
2010-11-02,nan,nan,nan,nan,nan,nan
2010-11-01,nan,nan,nan,nan,nan,nan
2010-10-29,nan,nan,nan,nan,nan,nan
2010-10-28,nan,nan,nan,nan,nan,nan
2010-10-27,nan,nan,nan,nan,nan,nan
2010-10-26,nan,nan,nan,nan,nan,nan
2010-10-25,nan,nan,nan,nan,nan,nan
2010-10-22,nan,nan,nan,nan,nan,nan
2010-10-21,nan,nan,nan,nan,nan,nan
2010-10-20,nan,nan,nan,nan,nan,nan
2010-10-19,nan,nan,nan,nan,nan,nan
2010-10-18,nan,nan,nan,nan,nan,nan
2010-10-15,nan,nan,nan,nan,nan,nan
2010-10-14,nan,nan,nan,nan,nan,nan
2010-10-13,nan,nan,nan,nan,nan,nan
2010-10-12,nan,nan,nan,nan,nan,nan
2010-10-11,nan,nan,nan,nan,nan,nan
2010-10-08,nan,nan,nan,nan,nan,nan
2010-10-07,nan,nan,nan,nan,nan,nan
2010-10-06,nan,nan,nan,nan,nan,nan
2010-10-05,nan,nan,nan,nan,nan,nan
2010-10-04,nan,nan,nan,nan,nan,nan
2010-10-01,nan,nan,nan,nan,nan,nan
2010-09-30,nan,nan,nan,nan,nan,nan
2010-09-29,nan,nan,nan,nan,nan,nan
2010-09-28,nan,nan,nan,nan,nan,nan
2010-09-27,nan,nan,nan,nan,nan,nan
2010-09-24,nan,nan,nan,nan,nan,nan
2010-09-23,nan,nan,nan,nan,nan,nan
2010-09-22,nan,nan,nan,nan,nan,nan
2010-09-21,nan,nan,nan,nan,nan,nan
2010-09-20,nan,nan,nan,nan,nan,nan
2010-09-17,nan,nan,nan,nan,nan,nan
2010-09-16,nan,nan,nan,nan,nan,nan
2010-09-15,nan,nan,nan,nan,nan,nan
2010-09-14,nan,nan,nan,nan,nan,nan
2010-09-13,nan,nan,nan,nan,nan,nan
2010-09-10,nan,nan,nan,nan,nan,nan
2010-09-09,nan,nan,nan,nan,nan,nan
2010-09-08,nan,nan,nan,nan,nan,nan
2010-09-07,nan,nan,nan,nan,nan,nan
2010-09-03,nan,nan,nan,nan,nan,nan
2010-09-02,nan,nan,nan,nan,nan,nan
2010-09-01,nan,nan,nan,nan,nan,nan
2010-08-31,nan,nan,nan,nan,nan,nan
2010-08-30,nan,nan,nan,nan,nan,nan
2010-08-27,nan,nan,nan,nan,nan,nan
2010-08-26,nan,nan,nan,nan,nan,nan
2010-08-25,nan,nan,nan,nan,nan,nan
2010-08-24,nan,nan,nan,nan,nan,nan
2010-08-23,nan,nan,nan,nan,nan,nan
2010-08-20,nan,nan,nan,nan,nan,nan
2010-08-19,nan,nan,nan,nan,nan,nan
2010-08-18,nan,nan,nan,nan,nan,nan
2010-08-17,nan,nan,nan,nan,nan,nan
2010-08-16,nan,nan,nan,nan,nan,nan
2010-08-13,nan,nan,nan,nan,nan,nan
2010-08-12,nan,nan,nan,nan,nan,nan
2010-08-11,nan,nan,nan,nan,nan,nan
2010-08-10,nan,nan,nan,nan,nan,nan
2010-08-09,nan,nan,nan,nan,nan,nan
2010-08-06,nan,nan,nan,nan,nan,nan
2010-08-05,nan,nan,nan,nan,nan,nan
2010-08-04,nan,nan,nan,nan,nan,nan
2010-08-03,nan,nan,nan,nan,nan,nan
2010-08-02,nan,nan,nan,nan,nan,nan
2010-07-30,nan,nan,nan,nan,nan,nan
2010-07-29,nan,nan,nan,nan,nan,nan
2010-07-28,nan,nan,nan,nan,nan,nan
2010-07-27,nan,nan,nan,nan,nan,nan
2010-07-26,nan,nan,nan,nan,nan,nan
2010-07-23,nan,nan,nan,nan,nan,nan
2010-07-22,nan,nan,nan,nan,nan,nan
2010-07-21,nan,nan,nan,nan,nan,nan
2010-07-20,nan,nan,nan,nan,nan,nan
2010-07-19,nan,nan,nan,nan,nan,nan
2010-07-16,nan,nan,nan,nan,nan,nan
2010-07-15,nan,nan,nan,nan,nan,nan
2010-07-14,nan,nan,nan,nan,nan,nan
2010-07-13,nan,nan,nan,nan,nan,nan
2010-07-12,nan,nan,nan,nan,nan,nan
2010-07-09,nan,nan,nan,nan,nan,nan
2010-07-08,nan,nan,nan,nan,nan,nan
2010-07-07,nan,nan,nan,nan,nan,nan
2010-07-06,nan,nan,nan,nan,nan,nan
2010-07-02,nan,nan,nan,nan,nan,nan
2010-07-01,nan,nan,nan,nan,nan,nan
2010-06-30,nan,nan,nan,nan,nan,nan
2010-06-29,nan,nan,nan,nan,nan,nan
2010-06-28,nan,nan,nan,nan,nan,nan
2010-06-25,nan,nan,nan,nan,nan,nan
2010-06-24,nan,nan,nan,nan,nan,nan
2010-06-23,nan,nan,nan,nan,nan,nan
2010-06-22,nan,nan,nan,nan,nan,nan
2010-06-21,nan,nan,nan,nan,nan,nan
2010-06-18,nan,nan,nan,nan,nan,nan
2010-06-17,nan,nan,nan,nan,nan,nan
2010-06-16,nan,nan,nan,nan,nan,nan
2010-06-15,nan,nan,nan,nan,nan,nan
2010-06-14,nan,nan,nan,nan,nan,nan
2010-06-11,nan,nan,nan,nan,nan,nan
2010-06-10,nan,nan,nan,nan,nan,nan
2010-06-09,nan,nan,nan,nan,nan,nan
2010-06-08,nan,nan,nan,nan,nan,nan
2010-06-07,nan,nan,nan,nan,nan,nan
2010-06-04,nan,nan,nan,nan,nan,nan
2010-06-03,nan,nan,nan,nan,nan,nan
2010-06-02,nan,nan,nan,nan,nan,nan
2010-06-01,nan,nan,nan,nan,nan,nan
2010-05-28,nan,nan,nan,nan,nan,nan
2010-05-27,nan,nan,nan,nan,nan,nan
2010-05-26,nan,nan,nan,nan,nan,nan
2010-05-25,nan,nan,nan,nan,nan,nan
2010-05-24,nan,nan,nan,nan,nan,nan
2010-05-21,nan,nan,nan,nan,nan,nan
2010-05-20,nan,nan,nan,nan,nan,nan
2010-05-19,nan,nan,nan,nan,nan,nan
2010-05-18,nan,nan,nan,nan,nan,nan
2010-05-17,nan,nan,nan,nan,nan,nan
2010-05-14,nan,nan,nan,nan,nan,nan
2010-05-13,nan,nan,nan,nan,nan,nan
2010-05-12,nan,nan,nan,nan,nan,nan
2010-05-11,nan,nan,nan,nan,nan,nan
2010-05-10,nan,nan,nan,nan,nan,nan
2010-05-07,nan,nan,nan,nan,nan,nan
2010-05-06,nan,nan,nan,nan,nan,nan
2010-05-05,nan,nan,nan,nan,nan,nan
2010-05-04,nan,nan,nan,nan,nan,nan
2010-05-03,nan,nan,nan,nan,nan,nan
2010-04-30,nan,nan,nan,nan,nan,nan
2010-04-29,nan,nan,nan,nan,nan,nan
2010-04-28,nan,nan,nan,nan,nan,nan
2010-04-27,nan,nan,nan,nan,nan,nan
2010-04-26,nan,nan,nan,nan,nan,nan
2010-04-23,nan,nan,nan,nan,nan,nan
2010-04-22,nan,nan,nan,nan,nan,nan
2010-04-21,nan,nan,nan,nan,nan,nan
2010-04-20,nan,nan,nan,nan,nan,nan
2010-04-19,nan,nan,nan,nan,nan,nan
2010-04-16,nan,nan,nan,nan,nan,nan
2010-04-15,nan,nan,nan,nan,nan,nan
2010-04-14,nan,nan,nan,nan,nan,nan
2010-04-13,nan,nan,nan,nan,nan,nan
2010-04-12,nan,nan,nan,nan,nan,nan
2010-04-09,nan,nan,nan,nan,nan,nan
2010-04-08,nan,nan,nan,nan,nan,nan
2010-04-07,nan,nan,nan,nan,nan,nan
2010-04-06,nan,nan,nan,nan,nan,nan
2010-04-05,nan,nan,nan,nan,nan,nan
2010-04-01,nan,nan,nan,nan,nan,nan
2010-03-31,nan,nan,nan,nan,nan,nan
2010-03-30,nan,nan,nan,nan,nan,nan
2010-03-29,nan,nan,nan,nan,nan,nan
2010-03-26,nan,nan,nan,nan,nan,nan
2010-03-25,nan,nan,nan,nan,nan,nan
2010-03-24,nan,nan,nan,nan,nan,nan
2010-03-23,nan,nan,nan,nan,nan,nan
2010-03-22,nan,nan,nan,nan,nan,nan
2010-03-19,nan,nan,nan,nan,nan,nan
2010-03-18,nan,nan,nan,nan,nan,nan
2010-03-17,nan,nan,nan,nan,nan,nan
2010-03-16,nan,nan,nan,nan,nan,nan
2010-03-15,nan,nan,nan,nan,nan,nan
2010-03-12,nan,nan,nan,nan,nan,nan
2010-03-11,nan,nan,nan,nan,nan,nan
2010-03-10,nan,nan,nan,nan,nan,nan
2010-03-09,nan,nan,nan,nan,nan,nan
2010-03-08,nan,nan,nan,nan,nan,nan
2010-03-05,nan,nan,nan,nan,nan,nan
2010-03-04,nan,nan,nan,nan,nan,nan
2010-03-03,nan,nan,nan,nan,nan,nan
2010-03-02,nan,nan,nan,nan,nan,nan
2010-03-01,nan,nan,nan,nan,nan,nan
2010-02-26,nan,nan,nan,nan,nan,nan
2010-02-25,nan,nan,nan,nan,nan,nan
2010-02-24,nan,nan,nan,nan,nan,nan
2010-02-23,nan,nan,nan,nan,nan,nan
2010-02-22,nan,nan,nan,nan,nan,nan
2010-02-19,nan,nan,nan,nan,nan,nan
2010-02-18,nan,nan,nan,nan,nan,nan
2010-02-17,nan,nan,nan,nan,nan,nan
2010-02-16,nan,nan,nan,nan,nan,nan
2010-02-12,nan,nan,nan,nan,nan,nan
2010-02-11,nan,nan,nan,nan,nan,nan
2010-02-10,nan,nan,nan,nan,nan,nan
2010-02-09,nan,nan,nan,nan,nan,nan
2010-02-08,nan,nan,nan,nan,nan,nan
2010-02-05,nan,nan,nan,nan,nan,nan
2010-02-04,nan,nan,nan,nan,nan,nan
2010-02-03,nan,nan,nan,nan,nan,nan
2010-02-02,nan,nan,nan,nan,nan,nan
2010-02-01,nan,nan,nan,nan,nan,nan
2010-01-29,nan,nan,nan,nan,nan,nan
2010-01-28,nan,nan,nan,nan,nan,nan
2010-01-27,nan,nan,nan,nan,nan,nan
2010-01-26,nan,nan,nan,nan,nan,nan
2010-01-25,nan,nan,nan,nan,nan,nan
2010-01-22,nan,nan,nan,nan,nan,nan
2010-01-21,nan,nan,nan,nan,nan,nan
2010-01-20,nan,nan,nan,nan,nan,nan
2010-01-19,nan,nan,nan,nan,nan,nan
2010-01-15,nan,nan,nan,nan,nan,nan
2010-01-14,nan,nan,nan,nan,nan,nan
2010-01-13,nan,nan,nan,nan,nan,nan
2010-01-12,nan,nan,nan,nan,nan,nan
2010-01-11,nan,nan,nan,nan,nan,nan
2010-01-08,nan,nan,nan,nan,nan,nan
2010-01-07,nan,nan,nan,nan,nan,nan
2010-01-06,nan,nan,nan,nan,nan,nan
2010-01-05,nan,nan,nan,nan,nan,nan
2010-01-04,nan,nan,nan,nan,nan,nan
2009-12-31,nan,nan,nan,nan,nan,nan
2009-12-30,nan,nan,nan,nan,nan,nan
2009-12-29,nan,nan,nan,nan,nan,nan
2009-12-28,nan,nan,nan,nan,nan,nan
2009-12-24,nan,nan,nan,nan,nan,nan
2009-12-23,nan,nan,nan,nan,nan,nan
2009-12-22,nan,nan,nan,nan,nan,nan
2009-12-21,nan,nan,nan,nan,nan,nan
2009-12-18,nan,nan,nan,nan,nan,nan
2009-12-17,nan,nan,nan,nan,nan,nan
2009-12-16,nan,nan,nan,nan,nan,nan
2009-12-15,nan,nan,nan,nan,nan,nan
2009-12-14,nan,nan,nan,nan,nan,nan
2009-12-11,nan,nan,nan,nan,nan,nan
2009-12-10,nan,nan,nan,nan,nan,nan
2009-12-09,nan,nan,nan,nan,nan,nan
2009-12-08,nan,nan,nan,nan,nan,nan
2009-12-07,nan,nan,nan,nan,nan,nan
2009-12-04,nan,nan,nan,nan,nan,nan
2009-12-03,nan,nan,nan,nan,nan,nan
2009-12-02,nan,nan,nan,nan,nan,nan
2009-12-01,nan,nan,nan,nan,nan,nan
2009-11-30,nan,nan,nan,nan,nan,nan
2009-11-27,nan,nan,nan,nan,nan,nan
2009-11-25,nan,nan,nan,nan,nan,nan
2009-11-24,nan,nan,nan,nan,nan,nan
2009-11-23,nan,nan,nan,nan,nan,nan
2009-11-20,nan,nan,nan,nan,nan,nan
2009-11-19,nan,nan,nan,nan,nan,nan
2009-11-18,nan,nan,nan,nan,nan,nan
2009-11-17,nan,nan,nan,nan,nan,nan
2009-11-16,nan,nan,nan,nan,nan,nan
2009-11-13,nan,nan,nan,nan,nan,nan
2009-11-12,nan,nan,nan,nan,nan,nan
2009-11-11,nan,nan,nan,nan,nan,nan
2009-11-10,nan,nan,nan,nan,nan,nan
2009-11-09,nan,nan,nan,nan,nan,nan
2009-11-06,nan,nan,nan,nan,nan,nan
2009-11-05,nan,nan,nan,nan,nan,nan
2009-11-04,nan,nan,nan,nan,nan,nan
2009-11-03,nan,nan,nan,nan,nan,nan
2009-11-02,nan,nan,nan,nan,nan,nan
2009-10-30,nan,nan,nan,nan,nan,nan
2009-10-29,nan,nan,nan,nan,nan,nan
2009-10-28,nan,nan,nan,nan,nan,nan
2009-10-27,nan,nan,nan,nan,nan,nan
2009-10-26,nan,nan,nan,nan,nan,nan
2009-10-23,nan,nan,nan,nan,nan,nan
2009-10-22,nan,nan,nan,nan,nan,nan
2009-10-21,nan,nan,nan,nan,nan,nan
2009-10-20,nan,nan,nan,nan,nan,nan
2009-10-19,nan,nan,nan,nan,nan,nan
2009-10-16,nan,nan,nan,nan,nan,nan
2009-10-15,nan,nan,nan,nan,nan,nan
2009-10-14,nan,nan,nan,nan,nan,nan
2009-10-13,nan,nan,nan,nan,nan,nan
2009-10-12,nan,nan,nan,nan,nan,nan
2009-10-09,nan,nan,nan,nan,nan,nan
2009-10-08,nan,nan,nan,nan,nan,nan
2009-10-07,nan,nan,nan,nan,nan,nan
2009-10-06,nan,nan,nan,nan,nan,nan
2009-10-05,nan,nan,nan,nan,nan,nan
2009-10-02,nan,nan,nan,nan,nan,nan
2009-10-01,nan,nan,nan,nan,nan,nan
2009-09-30,nan,nan,nan,nan,nan,nan
2009-09-29,nan,nan,nan,nan,nan,nan
2009-09-28,nan,nan,nan,nan,nan,nan
2009-09-25,nan,nan,nan,nan,nan,nan
2009-09-24,nan,nan,nan,nan,nan,nan
2009-09-23,nan,nan,nan,nan,nan,nan
2009-09-22,nan,nan,nan,nan,nan,nan
2009-09-21,nan,nan,nan,nan,nan,nan
2009-09-18,nan,nan,nan,nan,nan,nan
2009-09-17,nan,nan,nan,nan,nan,nan
2009-09-16,nan,nan,nan,nan,nan,nan
2009-09-15,nan,nan,nan,nan,nan,nan
2009-09-14,nan,nan,nan,nan,nan,nan
2009-09-11,nan,nan,nan,nan,nan,nan
2009-09-10,nan,nan,nan,nan,nan,nan
2009-09-09,nan,nan,nan,nan,nan,nan
2009-09-08,nan,nan,nan,nan,nan,nan
2009-09-04,nan,nan,nan,nan,nan,nan
2009-09-03,nan,nan,nan,nan,nan,nan
2009-09-02,nan,nan,nan,nan,nan,nan
2009-09-01,nan,nan,nan,nan,nan,nan
2009-08-31,nan,nan,nan,nan,nan,nan
2009-08-28,nan,nan,nan,nan,nan,nan
2009-08-27,nan,nan,nan,nan,nan,nan
2009-08-26,nan,nan,nan,nan,nan,nan
2009-08-25,nan,nan,nan,nan,nan,nan
2009-08-24,nan,nan,nan,nan,nan,nan
2009-08-21,nan,nan,nan,nan,nan,nan
2009-08-20,nan,nan,nan,nan,nan,nan
2009-08-19,nan,nan,nan,nan,nan,nan
2009-08-18,nan,nan,nan,nan,nan,nan
2009-08-17,nan,nan,nan,nan,nan,nan
2009-08-14,nan,nan,nan,nan,nan,nan
2009-08-13,nan,nan,nan,nan,nan,nan
2009-08-12,nan,nan,nan,nan,nan,nan
2009-08-11,nan,nan,nan,nan,nan,nan
2009-08-10,nan,nan,nan,nan,nan,nan
2009-08-07,nan,nan,nan,nan,nan,nan
2009-08-06,nan,nan,nan,nan,nan,nan
2009-08-05,nan,nan,nan,nan,nan,nan
2009-08-04,nan,nan,nan,nan,nan,nan
2009-08-03,nan,nan,nan,nan,nan,nan
2009-07-31,nan,nan,nan,nan,nan,nan
2009-07-30,nan,nan,nan,nan,nan,nan
2009-07-29,nan,nan,nan,nan,nan,nan
2009-07-28,nan,nan,nan,nan,nan,nan
2009-07-27,nan,nan,nan,nan,nan,nan
2009-07-24,nan,nan,nan,nan,nan,nan
2009-07-23,nan,nan,nan,nan,nan,nan
2009-07-22,nan,nan,nan,nan,nan,nan
2009-07-21,nan,nan,nan,nan,nan,nan
2009-07-20,nan,nan,nan,nan,nan,nan
2009-07-17,nan,nan,nan,nan,nan,nan
2009-07-16,nan,nan,nan,nan,nan,nan
2009-07-15,nan,nan,nan,nan,nan,nan
2009-07-14,nan,nan,nan,nan,nan,nan
2009-07-13,nan,nan,nan,nan,nan,nan
2009-07-10,nan,nan,nan,nan,nan,nan
2009-07-09,nan,nan,nan,nan,nan,nan
2009-07-08,nan,nan,nan,nan,nan,nan
2009-07-07,nan,nan,nan,nan,nan,nan
2009-07-06,nan,nan,nan,nan,nan,nan
2009-07-02,nan,nan,nan,nan,nan,nan
2009-07-01,nan,nan,nan,nan,nan,nan
2009-06-30,nan,nan,nan,nan,nan,nan
2009-06-29,nan,nan,nan,nan,nan,nan
2009-06-26,nan,nan,nan,nan,nan,nan
2009-06-25,nan,nan,nan,nan,nan,nan
2009-06-24,nan,nan,nan,nan,nan,nan
2009-06-23,nan,nan,nan,nan,nan,nan
2009-06-22,nan,nan,nan,nan,nan,nan
2009-06-19,nan,nan,nan,nan,nan,nan
2009-06-18,nan,nan,nan,nan,nan,nan
2009-06-17,nan,nan,nan,nan,nan,nan
2009-06-16,nan,nan,nan,nan,nan,nan
2009-06-15,nan,nan,nan,nan,nan,nan
2009-06-12,nan,nan,nan,nan,nan,nan
2009-06-11,nan,nan,nan,nan,nan,nan
2009-06-10,nan,nan,nan,nan,nan,nan
2009-06-09,nan,nan,nan,nan,nan,nan
2009-06-08,nan,nan,nan,nan,nan,nan
2009-06-05,nan,nan,nan,nan,nan,nan
2009-06-04,nan,nan,nan,nan,nan,nan
2009-06-03,nan,nan,nan,nan,nan,nan
2009-06-02,nan,nan,nan,nan,nan,nan
2009-06-01,nan,nan,nan,nan,nan,nan
2009-05-29,nan,nan,nan,nan,nan,nan
2009-05-28,nan,nan,nan,nan,nan,nan
2009-05-27,nan,nan,nan,nan,nan,nan
2009-05-26,nan,nan,nan,nan,nan,nan
2009-05-22,nan,nan,nan,nan,nan,nan
2009-05-21,nan,nan,nan,nan,nan,nan
2009-05-20,nan,nan,nan,nan,nan,nan
2009-05-19,nan,nan,nan,nan,nan,nan
2009-05-18,nan,nan,nan,nan,nan,nan
2009-05-15,nan,nan,nan,nan,nan,nan
2009-05-14,nan,nan,nan,nan,nan,nan
2009-05-13,nan,nan,nan,nan,nan,nan
2009-05-12,nan,nan,nan,nan,nan,nan
2009-05-11,nan,nan,nan,nan,nan,nan
2009-05-08,nan,nan,nan,nan,nan,nan
2009-05-07,nan,nan,nan,nan,nan,nan
2009-05-06,nan,nan,nan,nan,nan,nan
2009-05-05,nan,nan,nan,nan,nan,nan
2009-05-04,nan,nan,nan,nan,nan,nan
2009-05-01,nan,nan,nan,nan,nan,nan
2009-04-30,nan,nan,nan,nan,nan,nan
2009-04-29,nan,nan,nan,nan,nan,nan
2009-04-28,nan,nan,nan,nan,nan,nan
2009-04-27,nan,nan,nan,nan,nan,nan
2009-04-24,nan,nan,nan,nan,nan,nan
2009-04-23,nan,nan,nan,nan,nan,nan
2009-04-22,nan,nan,nan,nan,nan,nan
2009-04-21,nan,nan,nan,nan,nan,nan
2009-04-20,nan,nan,nan,nan,nan,nan
2009-04-17,nan,nan,nan,nan,nan,nan
2009-04-16,nan,nan,nan,nan,nan,nan
2009-04-15,nan,nan,nan,nan,nan,nan
2009-04-14,nan,nan,nan,nan,nan,nan
2009-04-13,nan,nan,nan,nan,nan,nan
2009-04-09,nan,nan,nan,nan,nan,nan
2009-04-08,nan,nan,nan,nan,nan,nan
2009-04-07,nan,nan,nan,nan,nan,nan
2009-04-06,nan,nan,nan,nan,nan,nan
2009-04-03,nan,nan,nan,nan,nan,nan
2009-04-02,nan,nan,nan,nan,nan,nan
2009-04-01,nan,nan,nan,nan,nan,nan
2009-03-31,nan,nan,nan,nan,nan,nan
2009-03-30,nan,nan,nan,nan,nan,nan
2009-03-27,nan,nan,nan,nan,nan,nan
2009-03-26,nan,nan,nan,nan,nan,nan
2009-03-25,nan,nan,nan,nan,nan,nan
2009-03-24,nan,nan,nan,nan,nan,nan
2009-03-23,nan,nan,nan,nan,nan,nan
2009-03-20,nan,nan,nan,nan,nan,nan
2009-03-19,nan,nan,nan,nan,nan,nan
2009-03-18,nan,nan,nan,nan,nan,nan
2009-03-17,nan,nan,nan,nan,nan,nan
2009-03-16,nan,nan,nan,nan,nan,nan
2009-03-13,nan,nan,nan,nan,nan,nan
2009-03-12,nan,nan,nan,nan,nan,nan
2009-03-11,nan,nan,nan,nan,nan,nan
2009-03-10,nan,nan,nan,nan,nan,nan
2009-03-09,nan,nan,nan,nan,nan,nan
2009-03-06,nan,nan,nan,nan,nan,nan
2009-03-05,nan,nan,nan,nan,nan,nan
2009-03-04,nan,nan,nan,nan,nan,nan
2009-03-03,nan,nan,nan,nan,nan,nan
2009-03-02,nan,nan,nan,nan,nan,nan
2009-02-27,nan,nan,nan,nan,nan,nan
2009-02-26,nan,nan,nan,nan,nan,nan
2009-02-25,nan,nan,nan,nan,nan,nan
2009-02-24,nan,nan,nan,nan,nan,nan
2009-02-23,nan,nan,nan,nan,nan,nan
2009-02-20,nan,nan,nan,nan,nan,nan
2009-02-19,nan,nan,nan,nan,nan,nan
2009-02-18,nan,nan,nan,nan,nan,nan
2009-02-17,nan,nan,nan,nan,nan,nan
2009-02-13,nan,nan,nan,nan,nan,nan
2009-02-12,nan,nan,nan,nan,nan,nan
2009-02-11,nan,nan,nan,nan,nan,nan
2009-02-10,nan,nan,nan,nan,nan,nan
2009-02-09,nan,nan,nan,nan,nan,nan
2009-02-06,nan,nan,nan,nan,nan,nan
2009-02-05,nan,nan,nan,nan,nan,nan
2009-02-04,nan,nan,nan,nan,nan,nan
2009-02-03,nan,nan,nan,nan,nan,nan
2009-02-02,nan,nan,nan,nan,nan,nan
2009-01-30,nan,nan,nan,nan,nan,nan
2009-01-29,nan,nan,nan,nan,nan,nan
2009-01-28,nan,nan,nan,nan,nan,nan
2009-01-27,nan,nan,nan,nan,nan,nan
2009-01-26,nan,nan,nan,nan,nan,nan
2009-01-23,nan,nan,nan,nan,nan,nan
2009-01-22,nan,nan,nan,nan,nan,nan
2009-01-21,nan,nan,nan,nan,nan,nan
2009-01-20,nan,nan,nan,nan,nan,nan
2009-01-16,nan,nan,nan,nan,nan,nan
2009-01-15,nan,nan,nan,nan,nan,nan
2009-01-14,nan,nan,nan,nan,nan,nan
2009-01-13,nan,nan,nan,nan,nan,nan
2009-01-12,nan,nan,nan,nan,nan,nan
2009-01-09,nan,nan,nan,nan,nan,nan
2009-01-08,nan,nan,nan,nan,nan,nan
2009-01-07,nan,nan,nan,nan,nan,nan
2009-01-06,nan,nan,nan,nan,nan,nan
2009-01-05,nan,nan,nan,nan,nan,nan
2009-01-02,nan,nan,nan,nan,nan,nan
2008-12-31,1.79,1.94,1.77,1.81,106335300.0,1.81
2008-12-30,1.68,1.81,1.66,1.81,19991900.0,1.81
2008-12-29,1.68,1.71,1.65,1.67,17329800.0,1.67
2008-12-26,1.7,1.72,1.68,1.7,7253400.0,1.7
2008-12-24,1.68,1.7,1.63,1.69,14806000.0,1.69
2008-12-23,1.66,1.69,1.62,1.65,22831800.0,1.65
2008-12-22,1.73,1.74,1.61,1.61,15421400.0,1.61
2008-12-19,1.72,1.79,1.68,1.68,50039200.0,1.68
2008-12-18,1.8,1.81,1.66,1.67,29656300.0,1.67
2008-12-17,1.88,1.89,1.72,1.78,75430400.0,1.78
2008-12-16,1.77,1.93,1.73,1.93,43776200.0,1.93
2008-12-15,1.85,1.89,1.7,1.73,19266800.0,1.73
2008-12-12,1.77,1.9,1.7,1.86,44437500.0,1.86
2008-12-11,1.93,2.04,1.72,1.72,26594600.0,1.72
2008-12-10,2.07,2.08,1.96,1.98,20017200.0,1.98
2008-12-09,2.06,2.22,1.97,1.98,41134400.0,1.98
2008-12-08,2.07,2.14,1.99,2.14,25620700.0,2.14
2008-12-05,1.8,2.02,1.79,2.02,40103900.0,2.02
2008-12-04,1.74,1.95,1.72,1.8,22094600.0,1.8
2008-12-03,1.62,1.82,1.6,1.82,45195200.0,1.82
2008-12-02,1.7,1.79,1.6,1.69,33446200.0,1.69
2008-12-01,1.93,1.97,1.6,1.6,28419800.0,1.6
2008-11-28,1.95,2.01,1.92,2.01,13724300.0,2.01
2008-11-26,1.92,2.01,1.82,2.01,29417700.0,2.01
2008-11-25,1.88,1.99,1.83,1.99,30062500.0,1.99
2008-11-24,1.67,1.9,1.6,1.9,33318100.0,1.9
2008-11-21,1.68,1.71,1.4,1.6,55235000.0,1.6
2008-11-20,1.78,1.85,1.59,1.59,42600800.0,1.59
2008-11-19,2.02,2.08,1.78,1.78,48961900.0,1.78
2008-11-18,2.21,2.24,1.99,2.1,50011400.0,2.1
2008-11-17,2.31,2.35,2.2,2.2,26031200.0,2.2
2008-11-14,2.38,2.51,2.3,2.33,32671200.0,2.33
2008-11-13,2.28,2.52,2.16,2.52,38324000.0,2.52
2008-11-12,2.37,2.42,2.23,2.23,42867800.0,2.23
2008-11-11,2.47,2.51,2.35,2.43,34828400.0,2.43
2008-11-10,2.57,2.58,2.45,2.52,36916000.0,2.52
2008-11-07,2.53,2.56,2.43,2.52,47168800.0,2.52
2008-11-06,2.52,2.73,2.47,2.49,110426600.0,2.49
2008-11-05,2.65,2.83,2.52,2.54,80154800.0,2.54
2008-11-04,2.6,2.75,2.57,2.71,82772300.0,2.71
2008-11-03,2.53,2.59,2.43,2.53,63941800.0,2.53
2008-10-31,2.35,2.7,2.31,2.7,192597900.0,2.7
2008-10-30,2.4,2.46,2.33,2.4,70214000.0,2.4
2008-10-29,2.28,2.49,2.19,2.31,103835400.0,2.31
2008-10-28,2.15,2.38,2.07,2.38,140666700.0,2.38
2008-10-27,2.07,2.22,2.0,2.02,183594800.0,2.02
2008-10-24,1.9,2.33,1.75,2.07,394168500.0,2.07
2008-10-23,2.93,3.0,2.55,2.75,43095200.0,2.75
2008-10-22,2.9,3.13,2.8,2.81,45077700.0,2.81
2008-10-21,2.67,3.24,2.6,2.99,100065000.0,2.99
2008-10-20,3.05,3.05,2.62,2.92,70023600.0,2.92
2008-10-17,2.99,3.12,2.95,3.0,46168300.0,3.0
2008-10-16,3.25,3.32,2.8,3.06,87078400.0,3.06
2008-10-15,2.92,3.33,2.8,3.19,68713900.0,3.19
2008-10-14,3.22,3.45,2.8,3.1,238705300.0,3.1
2008-10-13,2.58,2.58,2.06,2.3,86441200.0,2.3
2008-10-10,1.99,2.49,1.71,2.0,135631100.0,2.0
2008-10-09,2.77,2.83,2.15,2.15,141309600.0,2.15
2008-10-08,2.2,2.65,2.17,2.23,98054500.0,2.23
2008-10-07,2.93,3.0,2.26,2.27,117675300.0,2.27
2008-10-06,2.57,2.87,2.12,2.56,138889700.0,2.56
2008-10-03,3.92,4.19,2.8,3.51,208214700.0,3.51
2008-10-02,3.25,3.5,2.48,3.14,196289100.0,3.14
2008-10-01,2.13,3.14,1.92,2.89,587319000.0,2.89
2008-09-30,2.2,2.3,1.64,1.75,213863800.0,1.75
2008-09-29,2.8,3.35,1.25,1.36,312826500.0,1.36
2008-09-26,4.17,4.3,2.0,3.71,326471800.0,3.71
2008-09-25,5.13,5.21,4.6,4.99,51816900.0,4.99
2008-09-24,5.25,5.37,5.0,5.02,45058000.0,5.02
2008-09-23,5.27,5.75,5.17,5.22,57675400.0,5.22
2008-09-22,5.95,6.0,4.99,5.07,22388600.0,5.07
2008-09-19,6.7,6.87,4.19,5.61,63681100.0,5.61
2008-09-18,3.6,5.0,3.25,4.4,79692200.0,4.4
2008-09-17,3.88,4.11,3.31,3.55,32477600.0,3.55
2008-09-16,4.23,4.32,3.82,4.0,52167100.0,4.0
2008-09-15,4.43,4.67,4.2,4.28,23917400.0,4.28
2008-09-12,4.78,4.95,4.52,4.82,36304200.0,4.82
2008-09-11,4.63,4.88,4.56,4.79,18227500.0,4.79
2008-09-10,4.76,5.02,4.63,4.79,16702400.0,4.79
2008-09-09,4.96,5.14,4.75,4.76,23832500.0,4.76
2008-09-08,5.27,5.38,4.95,5.15,32896700.0,5.15
2008-09-05,4.79,4.98,4.71,4.82,15505100.0,4.82
2008-09-04,5.04,5.09,4.79,4.79,11937800.0,4.79
2008-09-03,5.06,5.14,4.86,5.08,18047900.0,5.08
2008-09-02,5.16,5.2,4.93,5.06,15893300.0,5.06
2008-08-29,4.98,5.08,4.87,5.04,12489600.0,5.04
2008-08-28,4.94,4.98,4.82,4.98,11317200.0,4.98
2008-08-27,4.7,4.95,4.67,4.94,9613400.0,4.94
2008-08-26,4.8,4.88,4.61,4.69,9628200.0,4.69
2008-08-25,4.95,4.96,4.76,4.78,8373900.0,4.78
2008-08-22,5.02,5.08,4.75,4.98,10309400.0,4.98
2008-08-21,4.81,5.0,4.8,4.9,8651700.0,4.9
2008-08-20,5.02,5.02,4.75,4.88,15318900.0,4.88
2008-08-19,5.01,5.04,4.93,4.95,21754900.0,4.95
2008-08-18,5.22,5.22,5.0,5.03,14936400.0,5.03
2008-08-15,5.12,5.22,5.04,5.19,8449200.0,5.19
2008-08-14,4.87,5.1,4.8,5.08,13805900.0,5.08
2008-08-13,4.99,5.07,4.88,4.88,15300900.0,4.88
2008-08-12,5.14,5.14,4.93,4.95,17057000.0,4.95
2008-08-11,4.95,5.2,4.8,5.19,13123500.0,5.19
2008-08-08,5.1,5.12,4.96,5.12,14260500.0,5.12
2008-08-07,5.02,5.19,4.95,5.02,16686200.0,5.02
2008-08-06,5.15,5.17,4.9,5.04,12905700.0,5.04
2008-08-05,4.92,5.2,4.9,5.05,19032700.0,5.05
2008-08-04,5.0,5.14,4.76,4.82,11738900.0,4.82
2008-08-01,4.95,5.1,4.76,5.05,17941800.0,5.05
2008-07-31,4.99,5.24,4.73,4.73,21871000.0,4.73
2008-07-30,5.07,5.3,4.83,5.16,24633200.0,5.16
2008-07-29,4.87,5.16,4.8,4.98,22187400.0,4.98
2008-07-28,5.2,5.39,4.8,4.84,18679300.0,4.84
2008-07-25,4.8,5.15,4.58,5.1,29573900.0,5.1
2008-07-24,5.15,5.24,4.52,4.67,61041300.0,4.67
2008-07-23,4.62,5.33,4.51,4.71,59586300.0,4.71
2008-07-22,4.36,4.89,3.54,4.37,41025200.0,4.37
2008-07-21,4.8,4.97,4.2,4.4,20511200.0,4.4
2008-07-18,4.4,4.6,4.23,4.54,22062200.0,4.54
2008-07-17,4.45,4.64,4.01,4.22,49669000.0,4.22
2008-07-16,3.88,4.4,3.5,4.4,37291100.0,4.4
2008-07-15,3.56,3.79,3.1,3.6,64460300.0,3.6
2008-07-14,4.5,4.5,2.99,3.77,78188800.0,3.77
2008-07-11,4.34,4.45,4.24,4.42,28513200.0,4.42
2008-07-10,4.67,4.8,4.43,4.55,12655000.0,4.55
2008-07-09,4.56,4.75,4.25,4.64,31307400.0,4.64
2008-07-08,4.75,4.86,4.56,4.8,23637200.0,4.8
2008-07-07,4.71,4.81,4.46,4.77,20668500.0,4.77
2008-07-03,4.66,4.78,4.58,4.69,8152900.0,4.69
2008-07-02,4.62,4.9,4.58,4.61,18702800.0,4.61
2008-07-01,4.69,4.86,4.52,4.6,21514500.0,4.6
2008-06-30,4.61,4.86,4.61,4.77,12865000.0,4.77
2008-06-27,4.77,4.79,4.57,4.79,24324400.0,4.79
2008-06-26,4.92,4.93,4.6,4.8,28276400.0,4.8
2008-06-25,5.09,5.28,4.97,5.05,26656900.0,5.05
2008-06-24,5.02,5.09,4.79,5.09,34797700.0,5.09
2008-06-23,5.03,5.08,4.74,4.99,25655200.0,4.99
2008-06-20,4.95,5.21,4.79,5.05,36131000.0,5.05
2008-06-19,4.9,5.18,4.74,5.16,25979300.0,5.16
2008-06-18,4.75,4.98,4.55,4.83,22277300.0,4.83
2008-06-17,5.16,5.2,4.73,4.78,23162400.0,4.78
2008-06-16,5.13,5.22,5.03,5.08,14578900.0,5.08
2008-06-13,5.32,5.47,4.75,5.15,22059100.0,5.15
2008-06-12,4.62,5.36,4.58,5.23,56751600.0,5.23
2008-06-11,4.75,4.95,4.34,4.34,25426300.0,4.34
2008-06-10,4.45,4.95,4.37,4.64,30688900.0,4.64
2008-06-09,4.97,5.03,4.27,4.47,37764400.0,4.47
2008-06-06,5.01,5.14,4.75,4.95,56953400.0,4.95
2008-06-05,5.4,5.54,5.22,5.35,18506000.0,5.35
2008-06-04,5.55,5.7,5.27,5.35,21403300.0,5.35
2008-06-03,5.84,5.94,5.5,5.55,19394000.0,5.55
2008-06-02,5.83,5.97,5.73,5.9,18322100.0,5.9
2008-05-30,5.73,5.94,5.57,5.84,32380900.0,5.84
2008-05-29,5.8,5.84,5.67,5.68,18709600.0,5.68
2008-05-28,5.84,5.84,5.58,5.76,22143100.0,5.76
2008-05-27,5.65,5.78,5.61,5.76,18736200.0,5.76
2008-05-23,5.8,5.8,5.59,5.65,17453300.0,5.65
2008-05-22,5.72,5.86,5.68,5.81,14774500.0,5.81
2008-05-21,5.8,5.89,5.66,5.73,18247600.0,5.73
2008-05-20,5.9,5.92,5.62,5.84,16763800.0,5.84
2008-05-19,5.87,5.9,5.6,5.88,24703500.0,5.88
2008-05-16,5.85,5.87,5.44,5.58,33438100.0,5.58
2008-05-15,5.92,5.92,5.77,5.81,14800800.0,5.81
2008-05-14,5.89,5.99,5.77,5.85,11356600.0,5.85
2008-05-13,5.99,6.05,5.76,5.78,13047800.0,5.78
2008-05-12,5.95,6.09,5.9,5.95,14129100.0,5.95
2008-05-09,5.79,6.04,5.77,6.0,17783800.0,6.0
2008-05-08,6.06,6.07,5.77,5.77,29200100.0,5.77
2008-05-07,6.16,6.2,5.95,5.95,23616100.0,5.95
2008-05-06,6.25,6.33,6.08,6.17,21714500.0,6.17
2008-05-05,6.53,6.53,6.25,6.27,17665800.0,6.27
2008-05-02,6.45,6.56,6.26,6.5,51632300.0,6.5
2008-05-01,6.3,6.58,6.21,6.33,30572000.0,6.33
2008-04-30,6.53,6.55,6.23,6.3,50548600.0,6.3
2008-04-29,6.5,6.58,6.35,6.43,25486100.0,6.43
2008-04-28,6.42,6.8,6.14,6.5,40236300.0,6.5
2008-04-25,6.43,6.47,6.22,6.32,38777700.0,6.32
2008-04-24,6.13,6.4,6.04,6.31,38024200.0,6.31
2008-04-23,6.32,6.39,5.87,5.96,57964800.0,5.96
2008-04-22,6.24,6.5,6.12,6.26,98041300.0,6.26
2008-04-21,6.46,7.1,5.9,6.03,206796500.0,6.03
2008-04-18,8.83,9.05,8.2,8.33,18978700.0,8.33
2008-04-17,7.72,8.56,7.72,8.49,16593900.0,8.49
2008-04-16,8.23,8.24,7.5,7.85,23349600.0,7.85
2008-04-15,7.64,8.1,7.64,8.07,17779200.0,8.07
2008-04-14,8.49,8.52,7.5,7.56,36493300.0,7.56
2008-04-11,8.61,8.94,8.15,8.45,27952200.0,8.45
2008-04-10,8.52,9.15,8.02,8.91,34754600.0,8.91
2008-04-09,9.02,9.23,8.5,8.52,18597200.0,8.52
2008-04-08,8.96,9.41,8.73,8.96,17062300.0,8.96
2008-04-07,9.42,9.42,9.07,9.24,19834800.0,9.24
2008-04-04,9.83,9.88,8.9,8.99,33033700.0,8.99
2008-04-03,9.47,9.95,9.22,9.79,30390000.0,9.79
2008-04-02,10.21,10.21,9.11,9.22,32532900.0,9.22
2008-04-01,10.8,10.8,9.6,9.99,28393500.0,9.99
2008-03-31,9.99,10.16,9.83,9.95,20092200.0,9.95
2008-03-28,11.84,11.84,10.03,10.15,19164000.0,10.15
2008-03-27,11.5,12.48,11.21,11.65,19563100.0,11.65
2008-03-26,10.85,11.77,10.36,11.45,30955500.0,11.45
2008-03-25,11.5,11.56,10.85,11.14,14192900.0,11.14
2008-03-24,10.93,12.15,10.91,11.51,19439300.0,11.51
2008-03-20,9.8,11.18,9.52,11.0,26660300.0,11.0
2008-03-19,9.5,10.17,9.1,9.48,44215600.0,9.48
2008-03-18,8.97,9.8,8.0,8.72,50206500.0,8.72
2008-03-17,11.63,12.06,6.56,7.52,53593000.0,7.52
2008-03-14,15.18,15.45,13.05,13.15,30018700.0,13.15
2008-03-13,14.48,16.0,14.13,15.01,19064100.0,15.01
2008-03-12,15.48,15.91,14.71,14.71,10240100.0,14.71
2008-03-11,14.9,15.57,14.59,15.57,13650300.0,15.57
2008-03-10,14.65,14.96,14.23,14.52,8788600.0,14.52
2008-03-07,14.25,15.04,14.11,14.61,12933700.0,14.61
2008-03-06,15.0,15.1,14.5,14.52,11935400.0,14.52
2008-03-05,15.61,15.89,15.04,15.14,15567400.0,15.14
2008-03-04,15.26,15.58,15.04,15.49,17647600.0,15.49
2008-03-03,15.86,15.86,15.36,15.52,11593300.0,15.52
2008-02-29,16.35,16.59,15.79,15.86,13479600.0,15.86
2008-02-28,17.16,17.25,16.49,16.72,10248600.0,16.72
2008-02-27,17.33,17.74,17.13,17.32,8432000.0,17.32
2008-02-26,17.19,17.65,17.04,17.4,11952300.0,17.4
2008-02-25,16.8,17.29,16.54,17.24,14289300.0,17.24
2008-02-22,16.04,16.9,15.88,16.85,13262500.0,16.85
2008-02-21,16.59,16.78,15.93,15.98,7931400.0,15.98
2008-02-20,15.86,16.65,15.8,16.5,7393000.0,16.5
2008-02-19,16.75,16.75,15.89,16.03,7512300.0,16.03
2008-02-15,16.29,16.58,16.0,16.42,5271800.0,16.42
2008-02-14,16.67,16.89,16.23,16.32,6154000.0,16.32
2008-02-13,16.58,17.01,16.39,16.7,6686000.0,16.7
2008-02-12,16.26,17.04,16.26,16.62,8359300.0,16.62
2008-02-11,16.25,16.45,16.02,16.19,6759300.0,16.19
2008-02-08,16.72,16.81,16.0,16.25,9049300.0,16.25
2008-02-07,16.62,17.2,16.53,16.84,9409100.0,16.84
2008-02-06,16.83,17.25,16.48,16.7,10679000.0,16.7
2008-02-05,17.23,17.28,16.71,16.75,9112800.0,16.75
2008-02-04,17.95,17.95,17.22,17.29,8737100.0,17.29
2008-02-01,17.83,18.14,17.65,17.98,10736700.0,17.98
2008-01-31,16.88,17.97,16.67,17.78,17660000.0,17.78
2008-01-30,17.23,17.82,16.76,17.1,16509100.0,17.1
2008-01-29,16.89,17.4,16.61,17.34,15957300.0,17.34
2008-01-28,16.35,16.89,16.02,16.85,10876500.0,16.85
2008-01-25,16.93,17.25,16.09,16.36,18219400.0,16.36
2008-01-24,15.46,16.5,15.3,16.49,31268700.0,16.49
2008-01-23,14.51,16.8,14.25,15.44,35777900.0,15.44
2008-01-22,12.64,16.6,12.64,15.29,15269200.0,15.29
2008-01-18,15.06,15.23,14.07,14.33,8264700.0,14.33
2008-01-17,15.5,15.93,14.85,14.93,9057100.0,14.93
2008-01-16,14.48,15.73,14.48,15.48,11436400.0,15.48
2008-01-15,14.88,14.92,14.38,14.58,5784400.0,14.58
2008-01-14,15.15,15.36,14.81,15.05,6201300.0,15.05
2008-01-11,14.45,16.01,14.25,15.22,13522900.0,15.22
2008-01-10,13.63,14.95,13.54,14.61,7698252.0,14.61
2008-01-09,14.2,14.35,13.51,14.35,8826500.0,14.35
2008-01-08,15.3,15.36,14.18,14.22,9782300.0,14.22
2008-01-07,14.56,15.49,14.41,15.19,9196000.0,15.19
2008-01-04,15.16,15.2,14.46,14.5,10808100.0,14.5
2008-01-03,15.61,15.77,15.31,15.35,8661800.0,15.35
2008-01-02,16.21,16.22,15.45,15.59,12778200.0,15.59
2007-12-31,16.35,16.74,16.06,16.46,6971900.0,16.46
2007-12-28,16.61,16.8,16.21,16.5,6399200.0,16.5
2007-12-27,16.93,17.0,16.51,16.53,5985500.0,16.53
2007-12-26,17.12,17.41,16.87,17.03,5499700.0,17.03
2007-12-24,17.2,17.55,17.05,17.39,3615900.0,17.39
2007-12-21,16.29,17.43,16.2,17.38,14751300.0,17.38
2007-12-20,16.48,16.48,15.76,16.13,6802500.0,16.13
2007-12-19,16.0,16.68,16.0,16.33,9222200.0,16.33
2007-12-18,16.66,16.8,15.77,16.25,10386200.0,16.25
2007-12-17,16.47,17.4,16.35,16.51,11821600.0,16.51
2007-12-14,17.15,17.33,16.43,16.62,10421000.0,16.62
2007-12-13,17.55,17.55,16.75,17.42,9508200.0,17.42
2007-12-12,18.99,19.4,17.21,17.67,14244000.0,17.67
2007-12-11,20.08,20.18,18.58,18.6,10041400.0,18.6
2007-12-10,19.5,20.4,19.29,20.2,8130800.0,20.2
2007-12-07,19.89,20.0,19.28,19.41,7297800.0,19.41
2007-12-06,19.22,19.94,19.2,19.81,7703800.0,19.81
2007-12-05,19.43,19.75,19.06,19.46,4793800.0,19.46
2007-12-04,19.75,19.76,19.16,19.25,4832800.0,19.25
2007-12-03,19.89,20.39,19.52,19.91,9779800.0,19.91
2007-11-30,19.7,20.49,19.3,19.76,10457800.0,19.76
2007-11-29,19.38,19.54,18.35,18.66,9027400.0,18.66
2007-11-28,18.28,19.56,18.14,19.4,12294000.0,19.4
2007-11-27,18.36,19.14,17.52,18.06,18312200.0,18.06
2007-11-26,19.9,19.9,18.3,18.3,7720600.0,18.3
2007-11-23,18.85,19.74,18.85,19.55,2983100.0,19.55
2007-11-21,19.08,19.24,18.0,18.69,12731000.0,18.69
2007-11-20,20.44,20.58,18.68,19.22,11120900.0,19.22
2007-11-19,20.48,20.83,20.03,20.37,7644900.0,20.37
2007-11-16,21.25,21.31,20.38,20.62,6223900.0,20.62
2007-11-15,21.98,22.01,20.99,21.15,5570600.0,21.15
2007-11-14,22.71,23.09,21.95,22.02,5015800.0,22.02
2007-11-13,21.71,22.67,21.13,22.61,5702700.0,22.61
2007-11-12,20.86,22.56,20.2,21.57,10996300.0,21.57
2007-11-09,20.16,21.31,19.75,20.86,11547300.0,20.86
2007-11-08,21.23,21.87,19.8,20.52,15441400.0,20.52
2007-11-07,22.5,22.5,21.18,21.21,7358700.0,21.21
2007-11-06,22.72,22.8,22.23,22.76,6488000.0,22.76
2007-11-05,22.49,22.61,22.01,22.45,7868300.0,22.45
2007-11-02,23.21,23.39,22.26,22.55,5825000.0,22.55
2007-11-01,23.31,23.99,23.11,23.14,7473600.0,23.14
2007-10-31,24.47,24.83,24.04,24.25,6877200.0,24.25
2007-10-30,24.1,24.53,24.01,24.43,5695500.0,24.43
2007-10-29,24.61,24.65,23.88,24.1,4859000.0,24.1
2007-10-26,24.07,24.68,23.46,24.49,8335300.0,24.49
2007-10-25,22.97,23.71,22.72,23.59,6391600.0,23.59
2007-10-24,22.8,23.18,22.11,23.02,10193900.0,23.02
2007-10-23,24.28,24.34,23.63,23.91,3782500.0,23.91
2007-10-22,23.45,23.89,23.33,23.81,4676400.0,23.81
2007-10-19,23.82,24.07,23.56,23.6,7171900.0,23.6
2007-10-18,23.99,23.99,23.43,23.86,6266200.0,23.86
2007-10-17,24.51,24.54,23.84,24.03,7398500.0,24.03
2007-10-16,24.71,24.85,24.0,24.14,5514400.0,24.14
2007-10-15,25.38,25.4,24.77,24.97,4596700.0,24.97
2007-10-12,25.5,25.84,25.22,25.32,6272100.0,25.32
2007-10-11,25.31,25.93,25.28,25.62,5625700.0,25.62
2007-10-10,25.48,25.77,25.08,25.28,5212200.0,25.28
2007-10-09,25.99,26.01,25.43,25.64,5307100.0,25.64
2007-10-08,26.75,26.75,26.08,26.15,4214900.0,26.15
2007-10-05,26.99,27.11,26.66,26.76,5450800.0,26.76
2007-10-04,27.0,27.21,26.52,26.56,4538300.0,26.56
2007-10-03,26.3,27.1,26.3,26.8,6186400.0,26.8
2007-10-02,26.15,26.42,25.66,26.11,4476400.0,26.11
2007-10-01,24.87,26.33,24.79,26.0,9983200.0,26.0
2007-09-28,25.17,25.25,24.88,25.09,6542300.0,25.09
2007-09-27,25.14,25.34,25.0,25.25,4894900.0,25.25
2007-09-26,25.33,25.39,25.0,25.08,4148200.0,25.08
2007-09-25,25.25,25.36,24.94,25.25,3861800.0,25.25
2007-09-24,25.98,26.0,25.42,25.47,3894900.0,25.47
2007-09-21,26.38,26.43,25.89,26.03,6467900.0,26.03
2007-09-20,26.77,26.77,26.08,26.13,5225800.0,26.13
2007-09-19,26.62,27.21,26.44,26.68,6607400.0,26.68
2007-09-18,26.01,26.69,25.82,26.62,8225900.0,26.62
2007-09-17,25.8,26.02,25.56,25.89,6020300.0,25.89
2007-09-14,25.3,25.88,25.17,25.75,5137700.0,25.75
2007-09-13,26.0,26.02,25.35,25.54,5050600.0,25.54
2007-09-12,25.5,25.9,25.33,25.85,7413000.0,25.85
2007-09-11,26.03,26.43,25.64,25.81,9705800.0,25.81
2007-09-10,26.45,26.54,25.56,25.95,6131600.0,25.95
2007-09-07,26.27,26.51,25.87,26.38,9849100.0,26.38
2007-09-06,27.04,27.3,26.36,26.67,8670500.0,26.67
2007-09-05,27.32,27.46,26.75,27.33,11011100.0,27.33
2007-09-04,26.9,27.53,26.89,27.35,15635900.0,27.35
2007-08-31,26.96,27.29,26.0,26.91,7393900.0,26.91
2007-08-30,26.16,26.73,26.05,26.55,8292700.0,26.55
2007-08-29,27.03,27.35,26.68,27.28,5722600.0,27.28
2007-08-28,27.78,28.02,26.93,26.95,5880700.0,26.95
2007-08-27,28.07,28.25,28.03,28.09,4594300.0,28.09
2007-08-24,28.02,28.3,27.72,28.24,4579700.0,28.24
2007-08-23,28.58,28.7,27.83,27.98,4248100.0,27.98
2007-08-22,28.25,28.4,27.74,28.27,5750000.0,28.27
2007-08-21,28.26,28.87,27.93,28.25,4261300.0,28.25
2007-08-20,29.68,29.81,28.03,28.21,6768300.0,28.21
2007-08-17,29.67,31.58,28.91,29.68,9281400.0,29.68
2007-08-16,26.0,28.53,25.83,28.39,12615800.0,28.39
2007-08-15,27.07,27.85,26.35,26.51,6368100.0,26.51
2007-08-14,27.47,27.71,27.03,27.18,4744600.0,27.18
2007-08-13,28.07,28.14,27.47,27.47,5752000.0,27.47
2007-08-10,27.09,28.36,26.74,27.73,7010300.0,27.73
2007-08-09,26.86,28.2,26.86,27.14,9162700.0,27.14
2007-08-08,27.66,29.74,27.59,28.59,9517100.0,28.59
2007-08-07,28.12,29.04,27.85,28.44,7915100.0,28.44
2007-08-06,27.3,28.69,27.04,28.64,9727500.0,28.64
2007-08-03,29.05,29.14,27.16,27.22,9644300.0,27.22
2007-08-02,30.0,30.09,28.93,29.2,7033100.0,29.2
2007-08-01,29.15,29.6,28.9,29.53,9610600.0,29.53
2007-07-31,30.44,30.58,29.39,29.39,5126700.0,29.39
2007-07-30,29.8,30.36,29.31,30.14,5276700.0,30.14
2007-07-27,29.93,30.55,29.73,29.86,6428000.0,29.86
2007-07-26,30.44,30.84,28.93,30.1,8616600.0,30.1
2007-07-25,30.93,31.26,30.27,30.84,5844000.0,30.84
2007-07-24,31.46,31.55,30.72,30.8,8479200.0,30.8
2007-07-23,32.27,32.52,31.55,31.59,6578000.0,31.59
2007-07-20,32.36,32.6,31.5,31.67,5062900.0,31.67
2007-07-19,32.38,33.0,32.22,32.39,3208100.0,32.39
2007-07-18,32.96,33.04,32.21,32.55,3877000.0,32.55
2007-07-17,33.05,33.48,32.99,33.05,3362200.0,33.05
2007-07-16,33.15,33.54,33.15,33.21,3258000.0,33.21
2007-07-13,33.21,33.45,32.93,33.35,3923700.0,33.35
2007-07-12,32.47,33.4,32.18,33.21,6264300.0,33.21
2007-07-11,32.29,32.51,31.93,32.18,3839100.0,32.18
2007-07-10,33.2,33.25,32.52,32.54,5512900.0,32.54
2007-07-09,33.74,33.74,33.2,33.21,3612900.0,33.21
2007-07-06,33.45,33.73,33.45,33.69,2659300.0,33.69
2007-07-05,33.92,34.0,33.42,33.55,3749900.0,33.55
2007-07-03,34.11,34.3,33.84,33.84,1945100.0,33.84
2007-07-02,33.59,34.3,33.51,34.11,5865300.0,34.11
2007-06-29,33.8,33.89,33.21,33.32,4150300.0,33.32
2007-06-28,33.87,34.02,33.57,33.7,3215600.0,33.7
2007-06-27,33.45,33.98,33.42,33.93,3532800.0,33.93
2007-06-26,33.86,34.21,33.73,33.74,4010100.0,33.74
2007-06-25,34.06,34.07,33.4,33.77,5123900.0,33.77
2007-06-22,33.76,33.78,33.08,33.13,5808900.0,33.13
2007-06-21,33.96,34.11,33.7,33.81,2938300.0,33.81
2007-06-20,34.29,34.3,33.76,33.96,3985200.0,33.96
2007-06-19,34.14,34.31,34.02,34.17,2694100.0,34.17
2007-06-18,34.18,34.2,34.01,34.13,4108100.0,34.13
2007-06-15,34.07,34.31,33.85,34.05,4626700.0,34.05
2007-06-14,34.25,34.62,33.91,33.97,3184800.0,33.97
2007-06-13,33.86,34.25,33.79,34.25,2833600.0,34.25
2007-06-12,34.07,34.14,33.69,33.69,3328700.0,33.69
2007-06-11,34.12,34.25,33.82,34.14,2866200.0,34.14
2007-06-08,33.86,34.17,33.81,34.12,3119400.0,34.12
2007-06-07,34.17,34.38,33.83,33.92,4069100.0,33.92
2007-06-06,34.7,34.71,34.31,34.33,2440700.0,34.33
2007-06-05,34.97,34.97,34.64,34.76,2085100.0,34.76
2007-06-04,34.95,35.12,34.86,34.96,1851200.0,34.96
2007-06-01,35.55,35.83,34.8,34.94,3405700.0,34.94
2007-05-31,34.99,35.06,34.51,34.59,5313100.0,34.59
2007-05-30,34.69,34.87,34.4,34.78,3862300.0,34.78
2007-05-29,35.29,35.35,34.82,34.88,2760000.0,34.88
2007-05-25,35.39,35.4,35.11,35.28,2113300.0,35.28
2007-05-24,35.38,35.53,35.19,35.19,3482200.0,35.19
2007-05-23,35.57,35.86,35.4,35.49,3600600.0,35.49
2007-05-22,35.53,35.76,35.46,35.57,2530600.0,35.57
2007-05-21,35.66,35.78,35.5,35.6,3516000.0,35.6
2007-05-18,35.84,35.85,35.59,35.73,3015500.0,35.73
2007-05-17,35.8,35.82,35.57,35.67,3432700.0,35.67
2007-05-16,35.48,35.99,35.48,35.83,4773800.0,35.83
2007-05-15,35.7,36.01,35.4,35.46,5227300.0,35.46
2007-05-14,35.42,35.74,35.38,35.51,4529800.0,35.51
2007-05-11,35.29,35.5,35.21,35.41,4557500.0,35.41
2007-05-10,36.06,36.07,35.24,35.24,7190500.0,35.24
2007-05-09,36.34,36.77,36.24,36.31,5226800.0,36.31
2007-05-08,36.54,36.57,36.19,36.44,2671600.0,36.44
2007-05-07,36.5,36.65,36.43,36.54,1938000.0,36.54
2007-05-04,36.23,36.62,36.12,36.4,3443500.0,36.4
2007-05-03,36.0,36.29,35.97,36.18,2994000.0,36.18
2007-05-02,36.08,36.2,35.8,35.86,4125300.0,35.86
2007-05-01,35.4,36.23,35.4,36.07,6646100.0,36.07
2007-04-30,37.0,37.34,36.55,36.55,6419800.0,36.55
2007-04-27,37.54,37.85,37.3,37.7,3718800.0,37.7
2007-04-26,37.86,37.99,37.58,37.85,3918100.0,37.85
2007-04-25,37.78,37.99,37.62,37.9,6377100.0,37.9
2007-04-24,37.49,37.5,37.2,37.27,4355200.0,37.27
2007-04-23,37.79,37.87,37.45,37.49,3047800.0,37.49
2007-04-20,38.32,38.32,37.62,37.79,4509900.0,37.79
2007-04-19,37.47,37.76,37.12,37.48,3257800.0,37.48
2007-04-18,36.86,37.78,36.79,37.5,5581800.0,37.5
2007-04-17,36.97,37.02,36.69,36.81,4210000.0,36.81
2007-04-16,36.3,37.02,36.19,36.99,4974200.0,36.99
2007-04-13,35.56,36.17,35.39,36.08,4297200.0,36.08
2007-04-12,35.76,35.85,35.42,35.8,3707300.0,35.8
2007-04-11,35.92,35.92,35.56,35.7,4036600.0,35.7
2007-04-10,35.76,36.13,35.74,35.92,4350700.0,35.92
2007-04-09,36.62,36.62,35.96,36.14,6545600.0,36.14
2007-04-05,36.83,36.83,36.23,36.61,4893600.0,36.61
2007-04-04,36.91,36.91,36.54,36.79,3713900.0,36.79
2007-04-03,36.3,36.86,36.2,36.82,4798900.0,36.82
2007-04-02,37.08,37.09,35.82,36.02,8342300.0,36.02
2007-03-30,37.51,37.62,36.96,37.25,4414100.0,37.25
2007-03-29,37.23,37.56,37.13,37.51,4193400.0,37.51
2007-03-28,36.99,37.13,36.7,36.88,4411400.0,36.88
2007-03-27,37.29,37.38,37.09,37.22,3009500.0,37.22
2007-03-26,37.48,37.56,36.9,37.48,3330800.0,37.48
2007-03-23,37.15,37.49,37.02,37.43,3142100.0,37.43
2007-03-22,37.65,37.86,37.05,37.12,6242900.0,37.12
2007-03-21,36.98,37.91,36.43,37.86,6802900.0,37.86
2007-03-20,36.45,37.11,36.32,37.07,3933900.0,37.07
2007-03-19,36.1,36.52,36.05,36.39,3413300.0,36.39
2007-03-16,36.37,37.17,35.87,36.03,6319400.0,36.03
2007-03-15,35.67,36.06,35.6,35.99,5521200.0,35.99
2007-03-14,35.75,35.95,35.05,35.69,9386100.0,35.69
2007-03-13,36.8,36.81,35.43,35.75,8704300.0,35.75
2007-03-12,37.03,37.15,36.69,37.11,2742700.0,37.11
2007-03-09,37.52,37.52,36.61,37.09,2441400.0,37.09
2007-03-08,36.96,37.37,36.9,36.97,2744800.0,36.97
2007-03-07,37.39,37.4,36.72,36.73,4364300.0,36.73
2007-03-06,37.02,37.44,36.79,37.39,5617700.0,37.39
2007-03-05,38.01,38.02,36.85,36.87,5976500.0,36.87
2007-03-02,38.5,38.5,38.13,38.13,6956200.0,38.13
2007-03-01,38.93,38.94,37.5,38.49,11882700.0,38.49
2007-02-28,37.53,37.94,37.5,37.85,9862800.0,37.85
2007-02-27,38.03,38.07,37.43,37.48,5758200.0,37.48
2007-02-26,38.25,38.25,38.03,38.16,2850500.0,38.16
2007-02-23,38.38,38.38,38.08,38.19,2637800.0,38.19
2007-02-22,38.36,38.44,38.25,38.31,3000100.0,38.31
2007-02-21,38.32,38.4,38.25,38.36,2477200.0,38.36
2007-02-20,38.37,38.49,38.24,38.49,1804400.0,38.49
2007-02-16,38.31,38.52,38.18,38.34,1965000.0,38.34
2007-02-15,38.28,38.34,38.15,38.31,1612800.0,38.31
2007-02-14,38.2,38.35,38.14,38.28,2443300.0,38.28
2007-02-13,38.05,38.19,38.0,38.19,2202400.0,38.19
2007-02-12,38.0,38.1,37.98,38.03,2045900.0,38.03
2007-02-09,38.13,38.19,37.93,38.08,2992200.0,38.08
2007-02-08,38.0,38.12,37.85,38.11,2831700.0,38.11
2007-02-07,37.95,38.06,37.91,38.05,2858200.0,38.05
2007-02-06,38.04,38.14,38.0,38.02,2392800.0,38.02
2007-02-05,38.02,38.07,37.95,37.99,2783700.0,37.99
2007-02-02,37.97,38.1,37.9,38.1,3147900.0,38.1
2007-02-01,37.86,37.97,37.78,37.97,3544300.0,37.97
2007-01-31,37.75,37.95,37.62,37.85,2421500.0,37.85
2007-01-30,37.69,37.88,37.63,37.84,2815400.0,37.84
2007-01-29,37.75,37.78,37.4,37.68,4280200.0,37.68
2007-01-26,37.74,37.9,37.58,37.86,4618400.0,37.86
2007-01-25,37.82,38.35,37.44,37.74,11250500.0,37.74
2007-01-24,36.36,36.76,36.32,36.76,2980200.0,36.76
2007-01-23,35.49,36.63,35.43,36.47,5673200.0,36.47
2007-01-22,35.63,35.75,35.46,35.49,2147300.0,35.49
2007-01-19,35.82,35.82,35.47,35.62,1917500.0,35.62
2007-01-18,34.82,35.85,34.82,35.63,1905400.0,35.63
2007-01-17,35.67,36.66,35.5,35.59,2382200.0,35.59
2007-01-16,35.69,35.7,35.3,35.67,2182300.0,35.67
2007-01-12,35.93,36.01,35.56,35.63,3038100.0,35.63
2007-01-11,35.7,35.75,35.48,35.56,2552700.0,35.56
2007-01-10,35.89,35.99,35.27,35.53,2145100.0,35.53
2007-01-09,36.25,36.34,35.64,35.89,2872300.0,35.89
2007-01-08,35.9,36.16,35.83,36.08,2554900.0,36.08
2007-01-05,36.57,36.57,35.86,35.9,4763100.0,35.9
2007-01-04,36.62,36.78,36.4,36.57,3443900.0,36.57
2007-01-03,36.8,37.46,36.65,36.95,3508300.0,36.95
2006-12-29,36.91,37.01,36.46,36.56,2244100.0,36.56
2006-12-28,37.16,37.28,36.94,36.99,1332900.0,36.99
2006-12-27,37.2,37.43,37.18,37.28,1255500.0,37.28
2006-12-26,36.85,37.09,36.77,37.05,1098000.0,37.05
2006-12-22,36.87,36.97,36.67,36.76,1618900.0,36.76
2006-12-21,36.95,37.02,36.75,36.87,1754500.0,36.87
2006-12-20,36.69,36.93,36.62,36.9,2128700.0,36.9
2006-12-19,36.48,36.67,36.26,36.53,1789900.0,36.53
2006-12-18,36.71,36.86,36.38,36.48,2033500.0,36.48
2006-12-15,36.71,36.92,36.58,36.61,5824400.0,36.61
2006-12-14,36.42,36.68,36.12,36.64,3634600.0,36.64
2006-12-13,36.49,36.7,36.32,36.54,2496200.0,36.54
2006-12-12,36.05,36.51,35.89,36.49,3496600.0,36.49
2006-12-11,35.75,36.12,35.75,36.05,2405700.0,36.05
2006-12-08,35.41,35.66,35.29,35.63,1896600.0,35.63
2006-12-07,35.63,35.87,35.41,35.41,2192300.0,35.41
2006-12-06,36.25,36.25,35.63,35.68,2538300.0,35.68
2006-12-05,35.57,35.93,35.48,35.9,3532600.0,35.9
2006-12-04,35.86,35.97,35.54,35.57,4977800.0,35.57
2006-12-01,36.05,36.18,35.76,35.77,4211400.0,35.77
2006-11-30,36.53,36.54,36.09,36.1,3098200.0,36.1
2006-11-29,36.1,36.63,36.09,36.61,2580300.0,36.61
2006-11-28,36.02,36.18,35.87,36.01,2869800.0,36.01
2006-11-27,36.23,36.41,36.05,36.1,1892900.0,36.1
2006-11-24,36.55,36.61,36.43,36.43,429200.0,36.43
2006-11-22,36.74,37.01,36.57,36.68,967800.0,36.68
2006-11-21,36.9,36.97,36.74,36.78,1087600.0,36.78
2006-11-20,36.97,37.09,36.83,36.9,1400200.0,36.9
2006-11-17,37.17,37.18,36.93,36.97,2502400.0,36.97
2006-11-16,37.28,37.42,37.19,37.36,1087300.0,37.36
2006-11-15,37.21,37.3,37.01,37.09,1730800.0,37.09
2006-11-14,37.3,37.42,36.8,37.3,2115100.0,37.3
2006-11-13,37.44,37.44,37.28,37.36,1272600.0,37.36
2006-11-10,37.23,37.41,37.13,37.41,2304400.0,37.41
2006-11-09,37.14,37.26,36.7,37.22,2611300.0,37.22
2006-11-08,37.0,37.31,36.87,37.31,2009100.0,37.31
2006-11-07,36.83,37.19,36.8,37.06,1693100.0,37.06
2006-11-06,36.5,36.85,36.36,36.83,2923500.0,36.83
2006-11-03,36.36,36.6,36.08,36.24,3212900.0,36.24
2006-11-02,36.79,36.83,36.26,36.38,3719300.0,36.38
2006-11-01,37.47,37.47,36.74,36.79,2991100.0,36.79
2006-10-31,37.33,37.41,37.11,37.25,3033700.0,37.25
2006-10-30,36.96,37.31,36.91,37.24,2429700.0,37.24
2006-10-27,36.9,37.04,36.74,36.94,2032400.0,36.94
2006-10-26,36.99,37.1,36.79,37.02,1807000.0,37.02
2006-10-25,36.93,36.93,36.66,36.9,1463900.0,36.9
2006-10-24,36.74,37.04,36.74,36.93,2181000.0,36.93
2006-10-23,36.55,36.92,36.46,36.89,1919000.0,36.89
2006-10-20,36.32,36.75,36.13,36.56,3040000.0,36.56
2006-10-19,36.29,36.29,35.8,36.09,3272200.0,36.09
2006-10-18,36.79,36.83,36.08,36.29,4246700.0,36.29
2006-10-17,36.6,36.91,36.28,36.78,3699500.0,36.78
2006-10-16,36.84,36.84,36.49,36.53,3166000.0,36.53
2006-10-13,36.85,36.9,36.72,36.84,1154600.0,36.84
2006-10-12,36.82,36.93,36.62,36.85,1364000.0,36.85
2006-10-11,36.56,36.71,36.37,36.64,1353600.0,36.64
2006-10-10,36.61,36.85,36.43,36.56,1553700.0,36.56
2006-10-09,36.75,37.05,36.62,37.05,1467200.0,37.05
2006-10-06,37.0,37.01,36.62,36.77,2108200.0,36.77
2006-10-05,37.05,37.2,36.15,37.1,1719200.0,37.1
2006-10-04,36.9,37.26,36.81,37.23,2350100.0,37.23
2006-10-03,36.89,37.38,36.74,36.99,2216400.0,36.99
2006-10-02,36.61,37.14,36.6,36.89,2124400.0,36.89
2006-09-29,36.91,37.05,36.59,36.6,1645600.0,36.6
2006-09-28,36.97,37.0,36.87,36.9,1363500.0,36.9
2006-09-27,36.99,37.0,36.84,36.88,1873800.0,36.88
2006-09-26,36.8,37.0,36.77,37.0,1828000.0,37.0
2006-09-25,36.72,37.02,36.28,36.89,2304900.0,36.89
2006-09-22,36.64,36.64,36.33,36.51,1083600.0,36.51
2006-09-21,36.9,36.99,36.42,36.54,1573300.0,36.54
2006-09-20,36.8,37.18,36.67,36.95,2638000.0,36.95
2006-09-19,36.5,36.61,36.14,36.59,2594200.0,36.59
2006-09-18,36.3,36.54,35.95,36.53,2977500.0,36.53
2006-09-15,36.06,36.35,35.89,36.15,8691900.0,36.15
2006-09-14,35.55,36.04,35.51,35.93,3941600.0,35.93
2006-09-13,35.4,35.87,35.24,35.49,4995600.0,35.49
2006-09-12,35.25,35.5,35.11,35.39,3080200.0,35.39
2006-09-11,34.97,35.24,34.86,35.24,3027600.0,35.24
2006-09-08,34.84,35.02,34.62,34.97,2590300.0,34.97
2006-09-07,35.23,35.24,34.64,34.68,4084300.0,34.68
2006-09-06,34.75,35.49,34.69,35.23,5254300.0,35.23
2006-09-05,34.75,35.23,34.75,34.99,3585600.0,34.99
2006-09-01,34.77,34.83,34.51,34.57,1358800.0,34.57
2006-08-31,34.76,34.78,34.51,34.58,2200100.0,34.58
2006-08-30,34.9,35.04,34.75,34.75,1613400.0,34.75
2006-08-29,35.42,35.43,34.61,34.9,2836400.0,34.9
2006-08-28,34.94,35.69,34.92,35.42,2354700.0,35.42
2006-08-25,35.75,35.76,34.68,34.94,4167800.0,34.94
2006-08-24,35.87,36.24,35.78,35.9,3350700.0,35.9
2006-08-23,35.75,35.81,35.22,35.5,1600000.0,35.5
2006-08-22,35.71,35.88,35.56,35.75,1866800.0,35.75
2006-08-21,36.0,36.04,35.55,35.57,1759100.0,35.57
2006-08-18,36.22,36.25,35.94,36.1,2758400.0,36.1
2006-08-17,36.0,36.27,35.82,36.14,1659100.0,36.14
2006-08-16,36.2,36.2,35.95,36.02,1473900.0,36.02
2006-08-15,35.84,36.22,35.74,35.97,4070500.0,35.97
2006-08-14,35.3,35.68,34.72,35.43,3252900.0,35.43
2006-08-11,36.05,36.16,35.71,35.75,2201000.0,35.75
2006-08-10,36.28,36.38,35.9,36.12,4093700.0,36.12
2006-08-09,37.07,37.08,36.32,36.39,3368700.0,36.39
2006-08-08,36.95,37.21,36.73,36.87,2092200.0,36.87
2006-08-07,36.86,36.96,36.66,36.73,1370600.0,36.73
2006-08-04,37.0,37.18,36.77,36.86,3134100.0,36.86
2006-08-03,36.36,36.84,36.26,36.7,2234300.0,36.7
2006-08-02,36.38,36.57,36.1,36.36,1980000.0,36.36
2006-08-01,36.09,36.37,35.78,36.33,3009800.0,36.33
2006-07-31,36.0,36.07,35.87,36.0,2331000.0,36.0
2006-07-28,35.32,36.26,35.3,36.05,3343300.0,36.05
2006-07-27,36.0,36.25,35.25,35.28,7459800.0,35.28
2006-07-26,36.81,36.93,36.64,36.74,1746900.0,36.74
2006-07-25,36.7,36.84,36.4,36.73,1803200.0,36.73
2006-07-24,36.49,36.62,36.29,36.58,2977900.0,36.58
2006-07-21,36.95,36.95,36.35,36.47,2831800.0,36.47
2006-07-20,36.31,36.96,36.25,36.71,3273700.0,36.71
2006-07-19,35.63,36.35,35.6,36.35,2931300.0,36.35
2006-07-18,35.04,35.4,34.73,35.28,2690400.0,35.28
2006-07-17,34.75,35.12,34.53,34.94,2135800.0,34.94
2006-07-14,34.8,35.0,34.5,34.88,2139800.0,34.88
2006-07-13,35.21,35.31,34.72,34.88,2049100.0,34.88
2006-07-12,35.5,35.82,35.14,35.21,2103700.0,35.21
2006-07-11,36.0,36.01,35.35,35.86,4175100.0,35.86
2006-07-10,36.47,37.42,36.41,36.78,4059900.0,36.78
2006-07-07,36.31,36.85,36.25,36.46,1923500.0,36.46
2006-07-06,36.01,36.47,35.87,36.26,1517600.0,36.26
2006-07-05,36.33,36.33,35.96,36.01,2226700.0,36.01
2006-07-03,36.41,36.45,36.17,36.32,651200.0,36.32
2006-06-30,36.79,37.07,36.18,36.19,1896500.0,36.19
2006-06-29,36.02,36.83,35.98,36.8,2805300.0,36.8
2006-06-28,35.9,36.48,35.9,36.02,2411200.0,36.02
2006-06-27,36.25,36.5,35.84,35.86,3057000.0,35.86
2006-06-26,35.6,36.29,35.43,36.22,2206200.0,36.22
2006-06-23,35.5,35.67,35.17,35.52,2744300.0,35.52
2006-06-22,35.86,35.94,35.62,35.66,2333500.0,35.66
2006-06-21,35.83,36.06,35.83,35.85,2359000.0,35.85
2006-06-20,36.01,36.15,35.85,35.85,2767600.0,35.85
2006-06-19,36.03,36.19,35.8,35.87,2819700.0,35.87
2006-06-16,36.34,36.55,36.0,36.03,3189200.0,36.03
2006-06-15,35.76,36.49,35.49,36.38,3792000.0,36.38
2006-06-14,36.7,36.71,35.32,35.76,5194500.0,35.76
2006-06-13,37.31,37.49,36.56,36.82,3750200.0,36.82
2006-06-12,37.5,37.6,37.2,37.31,2370100.0,37.31
2006-06-09,37.2,37.77,37.09,37.6,2069600.0,37.6
2006-06-08,37.0,37.44,36.69,37.31,2902900.0,37.31
2006-06-07,36.73,37.36,36.56,37.03,1822600.0,37.03
2006-06-06,36.88,36.93,36.3,36.56,3740100.0,36.56
2006-06-05,37.32,37.37,36.7,36.72,1923000.0,36.72
2006-06-02,37.45,38.04,37.37,37.52,2454000.0,37.52
2006-06-01,37.0,37.48,36.5,37.47,1695500.0,37.47
2006-05-31,36.8,36.97,36.54,36.88,2910100.0,36.88
2006-05-30,37.38,37.38,36.84,36.86,1275600.0,36.86
2006-05-26,37.25,37.39,37.12,37.38,1154600.0,37.38
2006-05-25,37.26,37.4,37.02,37.21,1797400.0,37.21
2006-05-24,36.95,37.35,36.7,37.14,2598300.0,37.14
2006-05-23,36.94,37.13,36.78,36.95,2308000.0,36.95
2006-05-22,36.5,36.96,36.4,36.72,1907200.0,36.72
2006-05-19,36.72,36.93,36.4,36.5,2115300.0,36.5
2006-05-18,36.18,36.94,36.18,36.32,2126600.0,36.32
2006-05-17,36.88,37.2,36.66,36.86,2878500.0,36.86
2006-05-16,37.27,37.4,37.14,37.34,1561900.0,37.34
2006-05-15,37.17,37.45,37.01,37.22,2644400.0,37.22
2006-05-12,37.66,37.82,37.13,37.18,4044800.0,37.18
2006-05-11,37.73,38.04,37.5,37.65,3619800.0,37.65
2006-05-10,37.58,37.77,37.51,37.63,3012600.0,37.63
2006-05-09,37.42,37.78,37.41,37.75,2469800.0,37.75
2006-05-08,37.45,37.53,37.36,37.52,2768400.0,37.52
2006-05-05,36.95,37.29,36.84,37.25,1912800.0,37.25
2006-05-04,36.7,36.91,36.65,36.86,1730700.0,36.86
2006-05-03,36.75,36.79,36.47,36.75,1601600.0,36.75
2006-05-02,36.4,36.79,36.33,36.79,1863200.0,36.79
2006-05-01,36.76,36.93,36.18,36.34,2284200.0,36.34
2006-04-28,36.29,36.95,36.09,36.9,2909200.0,36.9
2006-04-27,35.41,36.49,35.22,36.39,2902600.0,36.39
2006-04-26,35.38,35.6,35.3,35.47,1088600.0,35.47
2006-04-25,35.66,35.67,35.17,35.38,2381000.0,35.38
2006-04-24,35.55,35.84,35.23,35.67,1596000.0,35.67
2006-04-21,35.85,36.0,35.64,35.76,1592600.0,35.76
2006-04-20,35.69,35.99,35.48,35.58,1579900.0,35.58
2006-04-19,36.15,36.18,35.67,35.69,1714200.0,35.69
2006-04-18,34.6,36.3,34.6,36.2,4619400.0,36.2
2006-04-17,34.59,35.09,34.55,35.01,1504700.0,35.01
2006-04-13,34.46,34.83,34.46,34.77,1171600.0,34.77
2006-04-12,34.6,34.85,34.38,34.56,1304600.0,34.56
2006-04-11,34.92,35.13,34.58,34.67,2078600.0,34.67
2006-04-10,35.01,35.55,35.01,35.29,1255500.0,35.29
2006-04-07,35.22,35.46,35.02,35.08,1596000.0,35.08
2006-04-06,35.17,35.33,34.99,35.23,1229900.0,35.23
2006-04-05,35.37,35.63,35.19,35.33,1512800.0,35.33
2006-04-04,35.15,35.61,35.15,35.47,1208000.0,35.47
2006-04-03,35.15,35.64,35.03,35.26,1802400.0,35.26
2006-03-31,34.93,35.17,34.83,34.9,2022500.0,34.9
2006-03-30,35.26,35.39,34.81,34.83,1437800.0,34.83
2006-03-29,35.45,35.55,35.01,35.26,1109200.0,35.26
2006-03-28,35.45,35.85,35.18,35.3,1494800.0,35.3
2006-03-27,35.66,35.8,35.44,35.53,2335000.0,35.53
2006-03-24,35.77,35.99,35.6,35.66,1706500.0,35.66
2006-03-23,36.08,36.25,35.67,35.83,1528300.0,35.83
2006-03-22,35.77,36.09,35.75,36.05,1483300.0,36.05
2006-03-21,35.79,36.15,35.73,35.82,1948100.0,35.82
2006-03-20,35.76,35.88,35.6,35.79,917100.0,35.79
2006-03-17,35.68,35.9,35.49,35.76,1821200.0,35.76
2006-03-16,35.75,36.02,35.34,35.42,1761600.0,35.42
2006-03-15,35.22,35.66,35.22,35.63,1857900.0,35.63
2006-03-14,34.65,35.59,34.6,35.37,2513800.0,35.37
2006-03-13,34.61,35.5,34.52,34.64,2123000.0,34.64
2006-03-10,34.25,34.52,34.12,34.39,1604700.0,34.39
2006-03-09,34.53,34.63,33.96,33.98,1384600.0,33.98
2006-03-08,34.67,34.74,34.36,34.49,3571700.0,34.49
2006-03-07,34.28,34.67,34.24,34.67,1886700.0,34.67
2006-03-06,34.82,34.86,34.38,34.46,2372100.0,34.46
2006-03-03,34.85,35.13,34.62,34.9,2220600.0,34.9
2006-03-02,35.02,35.07,34.67,34.85,1535900.0,34.85
2006-03-01,34.82,35.29,34.78,35.27,2005600.0,35.27
2006-02-28,35.12,35.35,34.8,34.8,2216200.0,34.8
2006-02-27,35.34,35.56,35.27,35.31,1421200.0,35.31
2006-02-24,35.4,35.54,35.11,35.34,1256700.0,35.34
2006-02-23,35.65,35.81,35.33,35.34,1681500.0,35.34
2006-02-22,34.95,35.97,34.93,35.87,2798200.0,35.87
2006-02-21,35.16,35.3,34.76,34.81,1685400.0,34.81
2006-02-17,35.36,35.5,35.12,35.16,1419600.0,35.16
2006-02-16,34.95,37.28,34.9,35.34,1579000.0,35.34
2006-02-15,34.89,35.25,34.7,35.06,2802200.0,35.06
2006-02-14,34.08,35.3,34.07,34.9,2879300.0,34.9
2006-02-13,33.99,34.19,33.98,34.18,1275300.0,34.18
2006-02-10,33.85,34.27,33.67,34.27,1691600.0,34.27
2006-02-09,34.04,34.46,33.95,34.0,1456100.0,34.0
2006-02-08,33.6,34.18,33.5,34.14,1904300.0,34.14
2006-02-07,33.59,33.75,33.39,33.61,1963100.0,33.61
2006-02-06,33.47,33.61,33.35,33.54,1396900.0,33.54
2006-02-03,33.66,33.9,33.26,33.46,2149600.0,33.46
2006-02-02,34.23,34.23,33.78,33.88,2276700.0,33.88
2006-02-01,34.29,34.41,33.91,34.13,2125800.0,34.13
2006-01-31,34.01,34.3,33.86,34.18,2436800.0,34.18
2006-01-30,34.83,34.85,34.06,34.1,2456700.0,34.1
2006-01-27,34.46,34.99,34.38,34.82,2438100.0,34.82
2006-01-26,34.98,35.12,34.22,34.56,3058100.0,34.56
2006-01-25,34.25,34.27,34.0,34.17,1669900.0,34.17
2006-01-24,33.72,34.22,33.68,34.0,2497100.0,34.0
2006-01-23,33.37,33.85,33.32,33.54,2716500.0,33.54
2006-01-20,34.21,34.23,33.3,33.36,4556600.0,33.36
2006-01-19,34.76,34.81,34.16,34.19,2592700.0,34.19
2006-01-18,34.87,34.99,34.55,34.82,2093400.0,34.82
2006-01-17,33.97,34.98,33.97,34.86,5550400.0,34.86
2006-01-13,33.94,34.18,33.81,33.97,1796300.0,33.97
2006-01-12,34.1,34.25,33.8,33.81,1488100.0,33.81
2006-01-11,34.29,34.35,34.15,34.24,1918700.0,34.24
2006-01-10,34.39,34.79,34.21,34.68,2906600.0,34.68
2006-01-09,34.36,34.49,34.2,34.42,2405300.0,34.42
2006-01-06,34.65,34.69,33.93,34.39,2107600.0,34.39
2006-01-05,34.4,34.79,34.32,34.64,2849800.0,34.64
2006-01-04,34.01,34.64,33.94,34.31,3622400.0,34.31
2006-01-03,33.77,34.12,33.47,34.01,4024400.0,34.01
2005-12-30,33.62,33.72,33.48,33.57,1596700.0,33.57
2005-12-29,33.92,34.05,33.75,33.78,1197800.0,33.78
2005-12-28,34.01,34.19,33.96,34.01,1190100.0,34.01
2005-12-27,34.34,34.63,34.0,34.0,950400.0,34.0
2005-12-23,34.24,34.4,34.2,34.34,697700.0,34.34
2005-12-22,34.23,34.4,34.0,34.23,1150700.0,34.23
2005-12-21,34.23,34.49,34.07,34.18,1165400.0,34.18
2005-12-20,34.48,34.74,34.11,34.14,1739300.0,34.14
2005-12-19,34.67,34.69,34.13,34.3,2283700.0,34.3
2005-12-16,34.59,34.82,34.39,34.82,4153100.0,34.82
2005-12-15,34.7,34.73,34.25,34.28,1726700.0,34.28
2005-12-14,34.95,35.04,34.7,34.76,2905900.0,34.76
2005-12-13,33.78,35.0,33.55,34.96,3728800.0,34.96
2005-12-12,34.38,34.41,33.78,33.92,1851400.0,33.92
2005-12-09,34.0,34.67,33.98,34.33,2514100.0,34.33
2005-12-08,34.03,34.19,33.85,33.96,2363800.0,33.96
2005-12-07,34.19,34.23,33.62,34.06,3315900.0,34.06
2005-12-06,34.51,34.53,34.14,34.19,2092500.0,34.19
2005-12-05,34.19,34.42,34.08,34.35,1928800.0,34.35
2005-12-02,34.05,34.42,34.04,34.4,1917200.0,34.4
2005-12-01,34.05,34.26,34.02,34.12,2460300.0,34.12
2005-11-30,34.31,34.37,33.9,33.91,3780000.0,33.91
2005-11-29,34.15,34.45,34.09,34.22,2188200.0,34.22
2005-11-28,34.5,34.63,33.89,33.92,2399500.0,33.92
2005-11-25,34.62,34.62,34.44,34.47,965900.0,34.47
2005-11-23,34.04,34.78,33.98,34.49,2403200.0,34.49
2005-11-22,33.83,33.97,33.53,33.85,2975200.0,33.85
2005-11-21,33.7,33.99,33.61,33.82,2489400.0,33.82
2005-11-18,40.0,40.0,33.51,33.72,2541200.0,33.72
2005-11-17,33.12,34.01,33.06,33.9,2418300.0,33.9
2005-11-16,33.55,33.55,33.05,33.15,2798000.0,33.15
2005-11-15,33.84,33.89,33.51,33.55,2063600.0,33.55
2005-11-14,33.77,33.84,33.61,33.82,1364400.0,33.82
2005-11-11,33.8,34.06,33.68,33.97,1743600.0,33.97
2005-11-10,33.35,33.87,33.26,33.75,3197200.0,33.75
2005-11-09,32.9,33.15,32.82,33.04,1901400.0,33.04
2005-11-08,32.75,33.39,32.44,32.92,2726900.0,32.92
2005-11-07,32.61,32.9,32.52,32.86,2013900.0,32.86
2005-11-04,32.5,32.67,32.44,32.61,1951800.0,32.61
2005-11-03,32.49,32.56,32.25,32.53,2304400.0,32.53
2005-11-02,32.37,32.62,32.16,32.49,2565400.0,32.49
2005-11-01,32.27,32.39,32.01,32.2,2563700.0,32.2
2005-10-31,32.1,32.29,32.0,32.23,2856700.0,32.23
2005-10-28,31.64,32.1,31.55,32.1,2782200.0,32.1
2005-10-27,31.79,31.92,31.48,31.64,3479600.0,31.64
2005-10-26,31.83,32.25,31.74,31.79,4265000.0,31.79
2005-10-25,32.96,32.96,31.69,31.83,3341100.0,31.83
2005-10-24,31.5,32.05,31.36,31.97,3345200.0,31.97
2005-10-21,31.57,31.76,31.14,31.33,3334700.0,31.33
2005-10-20,31.17,31.88,31.17,31.52,4066700.0,31.52
2005-10-19,30.96,31.05,29.75,31.04,5142300.0,31.04
2005-10-18,31.31,32.22,31.01,31.01,5561000.0,31.01
2005-10-17,32.9,33.27,32.59,33.0,2437200.0,33.0
2005-10-14,32.65,33.0,32.36,33.0,4219800.0,33.0
2005-10-13,32.1,32.4,32.1,32.28,3245000.0,32.28
2005-10-12,32.57,32.98,32.1,32.24,3286400.0,32.24
2005-10-11,33.01,33.1,32.75,32.8,2988600.0,32.8
2005-10-10,33.5,33.57,33.12,33.17,2595600.0,33.17
2005-10-07,33.3,33.58,33.23,33.5,2223300.0,33.5
2005-10-06,33.19,33.52,33.0,33.3,3378300.0,33.3
2005-10-05,33.28,33.39,33.0,33.06,2711900.0,33.06
2005-10-04,33.97,34.11,33.27,33.27,2660100.0,33.27
2005-10-03,33.39,34.1,33.39,33.96,3180000.0,33.96
2005-09-30,33.73,33.76,33.41,33.44,2633200.0,33.44
2005-09-29,33.79,33.8,33.37,33.65,5349100.0,33.65
2005-09-28,34.39,34.51,33.83,33.83,2949300.0,33.83
2005-09-27,34.5,34.65,34.04,34.14,2712600.0,34.14
2005-09-26,34.56,34.73,34.28,34.44,1904200.0,34.44
2005-09-23,34.45,34.73,33.97,34.55,2393900.0,34.55
2005-09-22,34.44,34.59,34.24,34.45,2704700.0,34.45
2005-09-21,34.85,34.85,34.35,34.51,2729600.0,34.51
2005-09-20,35.22,35.71,34.89,35.0,3248900.0,35.0
2005-09-19,35.49,35.49,35.0,35.16,2440400.0,35.16
2005-09-16,35.11,35.67,34.94,35.6,4815400.0,35.6
2005-09-15,35.32,35.34,34.85,35.12,3949300.0,35.12
2005-09-14,35.41,35.48,35.04,35.24,2869600.0,35.24
2005-09-13,36.24,36.24,35.31,35.41,3394600.0,35.41
2005-09-12,36.44,36.65,36.14,36.24,1735400.0,36.24
2005-09-09,36.66,36.76,36.46,36.56,1405400.0,36.56
2005-09-08,36.92,36.92,36.34,36.68,1905000.0,36.68
2005-09-07,36.75,36.83,36.54,36.63,1395800.0,36.63
2005-09-06,36.47,36.81,36.39,36.81,2141100.0,36.81
2005-09-02,36.63,36.66,36.2,36.22,1420700.0,36.22
2005-09-01,36.5,37.0,36.25,36.62,2546000.0,36.62
2005-08-31,36.12,36.63,36.08,36.63,2601900.0,36.63
2005-08-30,36.0,36.15,35.86,36.03,2896500.0,36.03
2005-08-29,35.24,36.25,35.11,36.14,2465900.0,36.14
2005-08-26,36.17,36.2,35.38,35.38,2278300.0,35.38
2005-08-25,36.12,36.38,36.07,36.31,1464800.0,36.31
2005-08-24,36.29,36.44,36.1,36.12,2277000.0,36.12
2005-08-23,36.4,36.41,36.19,36.29,1592500.0,36.29
2005-08-22,36.24,36.61,36.2,36.42,1138500.0,36.42
2005-08-19,36.47,36.47,36.2,36.2,1083000.0,36.2
2005-08-18,36.1,36.38,36.1,36.3,1239200.0,36.3
2005-08-17,36.17,36.33,36.12,36.25,1041100.0,36.25
2005-08-16,36.5,36.76,36.16,36.17,1700500.0,36.17
2005-08-15,36.26,36.66,36.24,36.61,1141800.0,36.61
2005-08-12,36.3,36.5,36.23,36.34,1332300.0,36.34
2005-08-11,35.95,36.46,35.95,36.43,1949500.0,36.43
2005-08-10,36.28,36.44,35.78,35.86,1537500.0,35.86
2005-08-09,36.21,36.45,36.06,36.13,1403600.0,36.13
2005-08-08,36.27,36.34,36.03,36.12,1517000.0,36.12
2005-08-05,36.89,36.89,36.22,36.27,2401900.0,36.27
2005-08-04,37.57,37.58,36.91,37.01,1411600.0,37.01
2005-08-03,37.42,37.85,37.36,37.75,2223300.0,37.75
2005-08-02,37.39,37.53,37.17,37.43,1946600.0,37.43
2005-08-01,37.25,37.43,37.18,37.25,2624900.0,37.25
2005-07-29,37.55,37.61,36.79,36.91,2441000.0,36.91
2005-07-28,37.49,37.75,37.32,37.68,2272100.0,37.68
2005-07-27,37.48,37.5,37.29,37.44,2222400.0,37.44
2005-07-26,37.35,37.6,37.14,37.51,3244900.0,37.51
2005-07-25,37.25,37.51,37.2,37.34,3161600.0,37.34
2005-07-22,37.15,37.22,37.04,37.15,2357400.0,37.15
2005-07-21,37.4,37.43,37.09,37.25,2766800.0,37.25
2005-07-20,37.35,37.65,37.18,37.43,3723900.0,37.43
2005-07-19,36.9,37.5,36.45,37.3,4307300.0,37.3
2005-07-18,36.7,36.85,36.41,36.41,2277300.0,36.41
2005-07-15,36.3,36.82,35.84,36.7,5403100.0,36.7
2005-07-14,35.86,35.9,35.53,35.76,2051000.0,35.76
2005-07-13,35.41,35.69,35.37,35.66,2175300.0,35.66
2005-07-12,35.12,35.43,35.02,35.41,1498500.0,35.41
2005-07-11,34.81,35.25,34.64,35.22,1838800.0,35.22
2005-07-08,34.38,34.83,34.3,34.73,1019800.0,34.73
2005-07-07,34.29,34.52,34.14,34.52,1421000.0,34.52
2005-07-06,35.03,35.28,34.72,34.84,2094600.0,34.84
2005-07-05,34.51,35.05,34.41,35.03,1953300.0,35.03
2005-07-01,34.13,34.54,34.13,34.5,1530300.0,34.5
2005-06-30,34.62,34.79,34.11,34.12,1546100.0,34.12
2005-06-29,34.83,34.83,34.53,34.58,891000.0,34.58
2005-06-28,34.35,34.79,34.28,34.72,1266900.0,34.72
2005-06-27,34.14,34.47,34.1,34.18,1063100.0,34.18
2005-06-24,34.35,34.54,34.12,34.14,1786600.0,34.14
2005-06-23,34.96,34.98,34.3,34.3,1232500.0,34.3
2005-06-22,34.95,35.0,34.78,34.95,1134200.0,34.95
2005-06-21,34.57,34.78,34.49,34.74,1201200.0,34.74
2005-06-20,34.4,34.72,34.31,34.63,923200.0,34.63
2005-06-17,34.7,34.76,34.32,34.69,2381100.0,34.69
2005-06-16,34.32,34.57,34.18,34.45,1256400.0,34.45
2005-06-15,34.14,34.32,34.0,34.31,2022000.0,34.31
2005-06-14,33.68,34.09,33.57,33.99,1801200.0,33.99
2005-06-13,33.8,34.0,33.53,33.69,2333400.0,33.69
2005-06-10,33.96,34.08,33.67,33.79,1959900.0,33.79
2005-06-09,34.01,34.13,33.82,33.93,1980200.0,33.93
2005-06-08,34.45,34.48,34.03,34.05,1719300.0,34.05
2005-06-07,34.42,34.69,34.19,34.2,1613700.0,34.2
2005-06-06,34.43,34.44,34.12,34.33,1388300.0,34.33
2005-06-03,34.8,34.93,34.35,34.48,2022800.0,34.48
2005-06-02,34.81,34.87,34.51,34.8,1349600.0,34.8
2005-06-01,34.49,35.3,34.3,35.06,2113000.0,35.06
2005-05-31,34.81,34.9,34.49,34.56,1674700.0,34.56
2005-05-27,34.57,34.79,34.46,34.77,856800.0,34.77
2005-05-26,34.51,34.78,34.34,34.6,1118700.0,34.6
2005-05-25,34.49,34.49,34.15,34.27,1092200.0,34.27
2005-05-24,34.36,34.53,34.27,34.5,1647800.0,34.5
2005-05-23,34.68,34.82,34.43,34.44,1616600.0,34.44
2005-05-20,35.04,35.04,34.67,34.67,1476500.0,34.67
2005-05-19,35.07,35.15,34.77,35.03,908700.0,35.03
2005-05-18,34.74,35.16,34.69,35.1,1610500.0,35.1
2005-05-17,34.23,34.66,34.12,34.64,1487000.0,34.64
2005-05-16,33.71,34.42,33.67,34.4,1430400.0,34.4
2005-05-13,34.01,34.04,33.34,33.55,1631000.0,33.55
2005-05-12,34.18,34.38,33.9,34.01,1695300.0,34.01
2005-05-11,34.0,34.28,33.8,34.03,1175800.0,34.03
2005-05-10,34.05,34.29,33.89,34.02,1386000.0,34.02
2005-05-09,33.87,34.46,33.87,34.3,1325700.0,34.3
2005-05-06,34.52,34.61,33.97,34.0,1967900.0,34.0
2005-05-05,34.75,34.97,34.33,34.47,1930100.0,34.47
2005-05-04,34.1,34.78,33.87,34.74,1836800.0,34.74
2005-05-03,34.02,34.35,33.87,34.06,1544500.0,34.06
2005-05-02,34.18,34.24,33.9,34.15,1861900.0,34.15
2005-04-29,33.39,33.99,33.06,33.96,1765900.0,33.96
2005-04-28,33.86,33.86,33.17,33.23,2142100.0,33.23
2005-04-27,33.0,34.08,32.98,33.86,1834600.0,33.86
2005-04-26,33.4,33.52,32.97,32.97,1888000.0,32.97
2005-04-25,33.61,33.62,33.25,33.62,1621400.0,33.62
2005-04-22,33.0,33.86,32.93,33.55,2639100.0,33.55
2005-04-21,32.67,32.85,32.08,32.8,2211200.0,32.8
2005-04-20,33.23,33.23,32.44,32.51,1759800.0,32.51
2005-04-19,33.65,33.71,32.96,33.34,2195500.0,33.34
2005-04-18,32.96,33.7,32.87,33.59,2686200.0,33.59
2005-04-15,32.97,33.35,32.78,32.81,2232000.0,32.81
2005-04-14,33.74,33.74,32.9,32.97,1828100.0,32.97
2005-04-13,34.13,34.17,33.5,33.61,1651800.0,33.61
2005-04-12,33.64,34.18,33.43,34.09,2098900.0,34.09
2005-04-11,33.65,33.68,33.34,33.6,1642600.0,33.6
2005-04-08,33.64,33.75,33.38,33.43,1339200.0,33.43
2005-04-07,33.52,33.74,33.42,33.59,1684100.0,33.59
2005-04-06,33.62,34.0,33.6,33.78,1464800.0,33.78
2005-04-05,33.28,33.65,33.27,33.47,1521200.0,33.47
2005-04-04,33.2,33.35,33.02,33.24,1712200.0,33.24
2005-04-01,33.72,33.99,33.04,33.2,1804400.0,33.2
2005-03-31,33.65,33.89,33.42,33.5,2010400.0,33.5
2005-03-30,33.1,33.57,33.05,33.56,2873200.0,33.56
2005-03-29,33.1,33.42,33.04,33.05,2243900.0,33.05
2005-03-28,33.4,33.65,33.22,33.24,1805900.0,33.24
2005-03-24,33.4,33.56,33.2,33.2,1863700.0,33.2
2005-03-23,33.01,33.63,32.89,33.4,3406800.0,33.4
2005-03-22,33.72,33.95,32.85,33.0,3675100.0,33.0
2005-03-21,34.03,34.03,33.2,33.71,2872000.0,33.71
2005-03-18,34.4,34.61,33.91,34.01,7880300.0,34.01
2005-03-17,34.7,34.74,34.25,34.56,3561500.0,34.56
2005-03-16,34.9,34.94,34.68,34.75,2729500.0,34.75
2005-03-15,35.78,35.78,34.96,34.96,2971100.0,34.96
2005-03-14,35.24,35.39,35.02,35.23,1826300.0,35.23
2005-03-11,35.01,35.25,34.95,35.02,1659900.0,35.02
2005-03-10,35.37,35.55,35.13,35.17,2105600.0,35.17
2005-03-09,35.7,35.7,35.12,35.32,4264100.0,35.32
2005-03-08,36.13,36.13,35.68,35.84,2666300.0,35.84
2005-03-07,36.25,36.39,36.13,36.18,1833300.0,36.18
2005-03-04,35.9,36.15,35.82,36.05,2260900.0,36.05
2005-03-03,36.16,36.16,35.57,35.69,1976400.0,35.69
2005-03-02,35.87,36.29,35.8,35.95,1593500.0,35.95
2005-03-01,35.9,36.21,35.82,36.15,1960000.0,36.15
2005-02-28,35.99,36.03,35.6,35.77,1701900.0,35.77
2005-02-25,35.55,36.17,35.5,35.98,1723500.0,35.98
2005-02-24,35.6,35.75,35.38,35.63,1597900.0,35.63
2005-02-23,35.59,35.59,35.19,35.43,1690800.0,35.43
2005-02-22,35.55,35.72,35.21,35.22,2275200.0,35.22
2005-02-18,35.97,36.03,35.69,35.75,1870800.0,35.75
2005-02-17,36.14,36.16,35.86,35.9,1661200.0,35.9
2005-02-16,36.31,36.35,36.13,36.14,1480100.0,36.14
2005-02-15,36.35,36.53,36.22,36.3,2197200.0,36.3
2005-02-14,35.75,36.28,35.74,36.16,1498600.0,36.16
2005-02-11,35.46,35.8,35.35,35.69,1738200.0,35.69
2005-02-10,35.93,36.05,35.42,35.47,1753000.0,35.47
2005-02-09,35.87,36.02,35.57,35.73,1454700.0,35.73
2005-02-08,36.3,36.36,35.77,35.8,1687100.0,35.8
2005-02-07,36.2,36.44,36.07,36.36,1544200.0,36.36
2005-02-04,35.89,36.08,35.82,36.02,1739200.0,36.02
2005-02-03,36.18,36.2,35.88,35.88,1407600.0,35.88
2005-02-02,36.13,36.27,35.84,36.13,1606400.0,36.13
2005-02-01,35.79,36.26,35.56,36.13,2082100.0,36.13
2005-01-31,35.45,35.78,35.18,35.55,1943400.0,35.55
2005-01-28,34.56,35.5,34.56,35.3,1848100.0,35.3
2005-01-27,35.63,35.78,35.41,35.51,1574300.0,35.51
2005-01-26,35.8,35.84,35.5,35.62,2029600.0,35.62
2005-01-25,36.33,36.5,35.65,35.71,2505100.0,35.71
2005-01-24,36.05,36.63,35.9,36.29,1879300.0,36.29
2005-01-21,36.2,36.28,35.85,35.86,1590100.0,35.86
2005-01-20,36.2,36.36,36.09,36.14,2010700.0,36.14
2005-01-19,36.37,36.41,36.02,36.09,1428400.0,36.09
2005-01-18,35.25,36.38,35.25,36.37,3536700.0,36.37
2005-01-14,35.44,35.44,34.93,35.22,2335500.0,35.22
2005-01-13,35.65,35.68,35.18,35.19,1801900.0,35.19
2005-01-12,35.9,36.05,35.43,35.55,2162300.0,35.55
2005-01-11,36.06,36.12,35.72,35.82,1811100.0,35.82
2005-01-10,36.3,36.39,36.1,36.39,2696300.0,36.39
2005-01-07,36.68,36.74,36.27,36.3,1533200.0,36.3
2005-01-06,36.34,36.62,36.2,36.59,1395600.0,36.59
2005-01-05,36.85,36.93,36.34,36.34,1896700.0,36.34
2005-01-04,37.35,37.4,36.63,36.73,1787300.0,36.73
2005-01-03,37.55,37.75,37.21,37.28,1948600.0,37.28
