email,password,first_name,last_name,nickname,postal_code
usr001@gt.edu,pass001,Shonda,Hanafan,picayune religion,50305
usr002@gt.edu,pass002,Mirta,Frankel,hurried girl,77870
usr003@gt.edu,pass003,Jerry,Mugnolo,sloppy aunt,33352
usr004@gt.edu,pass004,Lai,Suffield,disgusting snakes,67733
usr005@gt.edu,pass005,Daren,Campain,embarrassed cherries,75663
usr006@gt.edu,pass006,Alesia,Stenseth,quick kick,55768
usr007@gt.edu,pass007,Marti,Morocco,cheap slope,71941
usr008@gt.edu,pass008,Ty,Perez,damaged pickle,19103
usr009@gt.edu,pass009,Helene,Bitsuie,uninterested price,24945
usr010@gt.edu,pass010,Casie,Craghead,thick pickle,64842
usr011@gt.edu,pass011,Dalene,Hanafan,psychotic pail,82929
usr012@gt.edu,pass012,Kiley,Linahan,endurable religion,20099
usr013@gt.edu,pass013,Lorrie,Degroot,tested aunt,24986
usr014@gt.edu,pass014,Mireya,Upthegrove,electric stranger,78651
usr015@gt.edu,pass015,Bernardo,Kines,remarkable selection,79944
usr016@gt.edu,pass016,Tracey,Daufeldt,towering wheel,25557
usr017@gt.edu,pass017,Kenneth,Hoa,breezy step,30466
usr018@gt.edu,pass018,Amie,Flosi,unadvised walk,79355
usr019@gt.edu,pass019,Willow,Dickerson,slippery cheese,99345
usr020@gt.edu,pass020,Chantell,Rhymes,incandescent sail,30881
usr021@gt.edu,pass021,Ryan,Sarbacher,past toad,32240
usr022@gt.edu,pass022,Emerson,Felger,one bead,82605
usr023@gt.edu,pass023,Teri,Chaffins,cool basketball,56371
usr024@gt.edu,pass024,Jerry,Jeanty,nine distance,79077
usr025@gt.edu,pass025,Estrella,Blunk,volatile bait,31550
usr026@gt.edu,pass026,Staci,Hoopengardner,same yam,70372
usr027@gt.edu,pass027,Diane,Frankel,towering clam,92545
usr028@gt.edu,pass028,Galen,Oles,foamy war,39073
usr029@gt.edu,pass029,Gladys,Tagala,ambitious hate,61615
usr030@gt.edu,pass030,Salome,Scriven,chief duck,45303
usr031@gt.edu,pass031,Bobbye,Modzelewski,comfortable veil,8092
usr032@gt.edu,pass032,Tamar,Bilden,organic children,33876
usr033@gt.edu,pass033,Cyril,Rulapaugh,towering tent,25714
usr034@gt.edu,pass034,Malinda,Auber,past price,60670
usr035@gt.edu,pass035,Glen,Rim,hard nut,73739
usr036@gt.edu,pass036,Scarlet,Wiklund,lackadaisical knee,13860
usr037@gt.edu,pass037,Loren,Vanausdal,jagged mom,90637
usr038@gt.edu,pass038,Jesusa,Isenhower,nice flower,33243
usr039@gt.edu,pass039,Mireya,Birkner,handsome toothbrush,52802
usr040@gt.edu,pass040,Fernanda,Gudroe,sulky seat,68138
usr041@gt.edu,pass041,Nan,Maisto,psychotic breath,97050
usr042@gt.edu,pass042,Fabiola,Flister,stupid silver,96786
usr043@gt.edu,pass043,Billye,Iturbide,one week,50674
usr044@gt.edu,pass044,Justine,Kaniecki,longing camera,40387
usr045@gt.edu,pass045,Willodean,Wolny,lyrical verse,58541
usr046@gt.edu,pass046,Janey,Cartan,handsome squirrel,79955
usr047@gt.edu,pass047,Quentin,Buzick,sulky gold,20721
usr048@gt.edu,pass048,Ciara,Patak,damp cannon,49512
usr049@gt.edu,pass049,Lucy,Knipp,stupid foot,36260
usr050@gt.edu,pass050,Kirk,Papasergi,bitter jam,38388
usr051@gt.edu,pass051,Lenna,Batman,lyrical tent,82007
usr052@gt.edu,pass052,Reena,Lukasik,barbarous credit,11972
usr053@gt.edu,pass053,Estrella,Cousey,encouraging library,78209
usr054@gt.edu,pass054,Bernardine,Biddy,sulky burst,7626
usr055@gt.edu,pass055,Janine,Kalafatis,garrulous van,60051
usr056@gt.edu,pass056,Glory,Iturbide,damaged knot,88415
usr057@gt.edu,pass057,Aliza,Rhymes,sneaky peace,24445
usr058@gt.edu,pass058,Stephen,Munns,worried snakes,45653
usr059@gt.edu,pass059,Nicolette,Hauenstein,hanging bead,50607
usr060@gt.edu,pass060,Jina,Vanausdal,organic apparatus,61235
usr061@gt.edu,pass061,Raul,Pinilla,steady collar,4938
usr062@gt.edu,pass062,Kirk,Toyama,unruly laborer,13304
usr063@gt.edu,pass063,Talia,Chickering,mere snakes,33066
usr064@gt.edu,pass064,Reita,Corbley,wary duck,83703
usr065@gt.edu,pass065,Geoffrey,Arias,faithful slave,79534
usr066@gt.edu,pass066,Rory,Koppinger,temporary authority,38856
usr067@gt.edu,pass067,Elli,Klang,nondescript harbor,37722
usr068@gt.edu,pass068,Bette,Stockham,chivalrous achiever,692
usr069@gt.edu,pass069,Deandrea,Ahle,disillusioned letter,45433
usr070@gt.edu,pass070,Franklyn,Lukasik,awake ship,55316
usr071@gt.edu,pass071,Helene,Zepp,adaptable cause,56443
usr072@gt.edu,pass072,Virgina,Kulzer,purring roll,50860
usr073@gt.edu,pass073,Roxane,Silvestrini,faithful cannon,36311
usr074@gt.edu,pass074,Kimberlie,Lungren,uninterested songs,4677
usr075@gt.edu,pass075,Chauncey,Eroman,eatable walk,55716
usr076@gt.edu,pass076,Cyndy,Rochin,lackadaisical circle,11735
usr077@gt.edu,pass077,Franklyn,Lary,sudden beef,68719
usr078@gt.edu,pass078,Ronny,Gleich,obedient hate,16735
usr079@gt.edu,pass079,Kate,Butt,delicious basketball,46385
usr080@gt.edu,pass080,Amie,Halsey,embarrassed pen,2192
usr081@gt.edu,pass081,Theola,Hengel,handsome statement,4423
usr082@gt.edu,pass082,Junita,Denooyer,nonstop earth,78134
usr083@gt.edu,pass083,Stevie,Gato,material grape,4009
usr084@gt.edu,pass084,Ernest,Degonia,bitter believe,38193
usr085@gt.edu,pass085,Luisa,Waymire,condemned system,34482
usr086@gt.edu,pass086,Carma,Munis,unwieldy test,44676
usr087@gt.edu,pass087,Stephen,Ahle,rude vessel,98512
usr088@gt.edu,pass088,Skye,Jillson,eminent trousers,12734
usr089@gt.edu,pass089,Cordelia,Whobrey,remarkable sleet,38120
usr090@gt.edu,pass090,Whitley,Honeywell,cagey side,84790
usr091@gt.edu,pass091,Lorean,Riden,sad teeth,70748
usr092@gt.edu,pass092,Xuan,Nievas,wide-eyed believe,35613
usr093@gt.edu,pass093,Amie,Darakjy,irate yam,70813
usr094@gt.edu,pass094,Blondell,Rochin,breezy health,14140
usr095@gt.edu,pass095,Joanna,Papasergi,defiant pipe,6412
usr096@gt.edu,pass096,Elvera,Corrio,exultant straw,77445
usr097@gt.edu,pass097,Carmela,Nicolozakes,sulky purpose,50213
usr098@gt.edu,pass098,Tawna,Halsey,cheap pets,91354
usr099@gt.edu,pass099,Kate,Kiel,ambitious spy,54810
usr100@gt.edu,pass100,Vilma,Cousey,makeshift flower,40324
usr101@gt.edu,pass101,Buddy,Paa,hideous curve,21764
usr102@gt.edu,pass102,Melissa,Sarbacher,juicy harbor,65555
usr103@gt.edu,pass103,Nickolas,Saylors,handsome bone,66440
usr104@gt.edu,pass104,Mitzie,Mugnolo,right cows,77845
usr105@gt.edu,pass105,Glory,Fern,one seashore,20735
usr106@gt.edu,pass106,Clay,Cookey,secret knot,5077
usr107@gt.edu,pass107,Lai,Hochard,towering porter,54465
usr108@gt.edu,pass108,Lettie,Gellinger,stupid toy,12419
usr109@gt.edu,pass109,Sage,Perruzza,milky match,56459
usr110@gt.edu,pass110,Rikki,Klang,craven nut,20815
usr111@gt.edu,pass111,Mollie,Coyier,wrong furniture,29331
usr112@gt.edu,pass112,Delisa,Frey,guttural laborer,70432
usr113@gt.edu,pass113,Johnetta,Jacobos,massive walk,64191
usr114@gt.edu,pass114,Chanel,Mcnease,accurate peace,16937
usr115@gt.edu,pass115,Mattie,Acey,damp letter,47141
usr116@gt.edu,pass116,Paris,Mirafuentes,hard burst,92046
usr117@gt.edu,pass117,Cassi,Sengbusch,wrong stranger,13261
usr118@gt.edu,pass118,Malinda,Korando,even riddle,67212
usr119@gt.edu,pass119,Frederica,Varriano,damp mom,98814
usr120@gt.edu,pass120,Adell,Andreason,special blow,20602
usr121@gt.edu,pass121,Iluminada,Fortino,coordinated insurance,88118
usr122@gt.edu,pass122,Glory,Kippley,defiant vacation,53521
usr123@gt.edu,pass123,Shawna,Bruschke,glamorous cheese,40847
usr124@gt.edu,pass124,Dyan,Louissant,grieving burst,27248
usr125@gt.edu,pass125,Lucina,Agramonte,reflective sack,17029
usr126@gt.edu,pass126,Jamal,Amyot,thick yam,50061
usr127@gt.edu,pass127,Jutta,Weight,comfortable cheese,91367
usr128@gt.edu,pass128,Marguerita,Shealy,worried bushes,59036
usr129@gt.edu,pass129,Geoffrey,Tollner,chivalrous paper,99832
usr130@gt.edu,pass130,Mitsue,Butzen,bitter position,11736
usr131@gt.edu,pass131,Melissa,Corbley,macho middle,7059
usr132@gt.edu,pass132,Roxane,Shire,squeamish position,90093
usr133@gt.edu,pass133,Kris,Corrio,volatile spy,31805
usr134@gt.edu,pass134,Latrice,Scheyer,shaggy blow,49426
usr135@gt.edu,pass135,Elza,Loder,abaft harbor,29540
usr136@gt.edu,pass136,Rima,Gochal,unwieldy slave,23874
usr137@gt.edu,pass137,Quentin,Meisel,mere digestion,14613
usr138@gt.edu,pass138,Mitsue,Vinning,towering coast,53221
usr139@gt.edu,pass139,Dottie,Ruta,craven middle,61401
usr140@gt.edu,pass140,Sharen,Tomasulo,fearful laborer,70167
usr141@gt.edu,pass141,Leota,Mallett,roasted wrench,90410
usr142@gt.edu,pass142,Dick,Malvin,quick earth,55903
usr143@gt.edu,pass143,Raina,Rantanen,uninterested snakes,13465
usr144@gt.edu,pass144,Kati,Fortino,evasive sleet,27508
usr145@gt.edu,pass145,Sabra,Farrar,even war,81082
usr146@gt.edu,pass146,Tyra,Wolny,delicious camera,28320
usr147@gt.edu,pass147,Chauncey,Scheyer,lackadaisical sack,59731
usr148@gt.edu,pass148,Candida,Restrepo,hard ink,8232
usr149@gt.edu,pass149,Virgie,Amyot,excellent pets,72587
usr150@gt.edu,pass150,Junita,Regusters,makeshift temper,78379
usr151@gt.edu,pass151,Elly,Blackwood,special crayon,90072
usr152@gt.edu,pass152,Eun,Similton,nondescript girl,23410
usr153@gt.edu,pass153,Lezlie,Brossart,halting coil,99773
usr154@gt.edu,pass154,Shalon,Nabours,roasted purpose,28699
usr155@gt.edu,pass155,Noah,Mulqueen,even collar,22739
usr156@gt.edu,pass156,Dierdre,Gellinger,organic hook,83352
usr157@gt.edu,pass157,Arthur,Vanheusen,versed cherries,93623
usr158@gt.edu,pass158,Christiane,Benimadho,ten umbrella,36608
usr159@gt.edu,pass159,Helga,Hollack,outrageous bone,17934
usr160@gt.edu,pass160,Daniela,Dilliard,uninterested talk,83605
usr161@gt.edu,pass161,Krissy,Gibes,electric grain,14109
usr162@gt.edu,pass162,Roslyn,Buvens,complex shape,28302
usr163@gt.edu,pass163,Felix,Cryer,dark clover,32666
usr164@gt.edu,pass164,Shenika,Wenner,wandering silver,78015
usr165@gt.edu,pass165,Clay,Good,past downtown,96079
usr166@gt.edu,pass166,Viola,Juvera,half nose,95423
usr167@gt.edu,pass167,Jeanice,Birkner,stimulating arm,61013
usr168@gt.edu,pass168,Brittni,Marrier,delicious verse,55577
usr169@gt.edu,pass169,Viva,Blunk,towering wine,26412
usr170@gt.edu,pass170,Bok,Madarang,accurate blood,83245
usr171@gt.edu,pass171,Lemuel,Demesa,absurd collar,63664
usr172@gt.edu,pass172,Arminda,Iturbide,nondescript crayon,67435
usr173@gt.edu,pass173,Quentin,Meisel,scrawny judge,62321
usr174@gt.edu,pass174,Kati,Haufler,electric collar,53228
usr175@gt.edu,pass175,Lynelle,Estell,abstracted cheese,37876
usr176@gt.edu,pass176,Hubert,Mondella,incandescent battle,30154
usr177@gt.edu,pass177,Kasandra,Tegarden,spurious test,74080
usr178@gt.edu,pass178,Nickolas,Fallick,large food,20428
usr179@gt.edu,pass179,Pete,Galam,charming pail,30101
usr180@gt.edu,pass180,Elvera,Acuff,hungry crate,91017
usr181@gt.edu,pass181,Flo,Vocelka,bitter veil,76526
usr182@gt.edu,pass182,Xuan,Schmierer,lackadaisical rabbit,78705
usr183@gt.edu,pass183,Dyan,Giguere,steady nose,68847
usr184@gt.edu,pass184,Yuki,Dhamer,rude toothpaste,8321
usr185@gt.edu,pass185,Laurel,Waycott,unbecoming verse,92412
usr186@gt.edu,pass186,Amber,Tomblin,coordinated dress,99252
usr187@gt.edu,pass187,Shawnda,Ruta,rude walk,28370
usr188@gt.edu,pass188,Lashandra,Zagen,hungry slave,2189
usr189@gt.edu,pass189,Refugia,Klang,secret dress,59484
usr190@gt.edu,pass190,Tyra,Luczki,somber temper,57783
usr191@gt.edu,pass191,Harrison,Jacobos,sudden blow,34204
usr192@gt.edu,pass192,Alaine,Kitty,same passenger,16627
usr193@gt.edu,pass193,Cheryl,Mcrae,hard error,98236
usr194@gt.edu,pass194,Norah,Slayton,noiseless passenger,68601
usr195@gt.edu,pass195,Vincenza,Ohms,slippery trees,74059
usr196@gt.edu,pass196,Carmen,Mugnolo,craven engine,93741
usr197@gt.edu,pass197,Kattie,Lipke,stupid form,93906
usr198@gt.edu,pass198,Eden,Perruzza,craven teeth,19478
usr199@gt.edu,pass199,Garry,Linahan,mere match,12122
usr200@gt.edu,pass200,Allene,Ventura,wary spy,41189
usr201@gt.edu,pass201,Loren,Paprocki,organic jam,4037
usr202@gt.edu,pass202,Roselle,Klusman,concerned coach,98204
usr203@gt.edu,pass203,Cassi,Andreason,tested babies,50306
usr204@gt.edu,pass204,Shonda,Beech,chivalrous basketball,19608
usr205@gt.edu,pass205,Sabra,Fillingim,concerned talk,33716
usr206@gt.edu,pass206,Noah,Herritt,accurate man,80426
usr207@gt.edu,pass207,Kirk,Pinilla,roasted teeth,28741
usr208@gt.edu,pass208,Felicidad,Goldammer,squeamish peace,42047
usr209@gt.edu,pass209,Cory,Klonowski,ad hoc book,47381
usr210@gt.edu,pass210,Stephen,Brossart,quick creator,61884
usr211@gt.edu,pass211,Goldie,Madarang,powerful chalk,48824
usr212@gt.edu,pass212,Angella,Mcrae,breezy curve,89448
usr213@gt.edu,pass213,Lawrence,Sarao,incandescent fact,17884
usr214@gt.edu,pass214,Rikki,Francescon,versed test,48729
usr215@gt.edu,pass215,Kasandra,Dilliard,worried planes,53040
usr216@gt.edu,pass216,Lili,Gesick,foamy blood,79928
usr217@gt.edu,pass217,Celeste,Linahan,condemned wine,68521
usr218@gt.edu,pass218,Vi,Burnard,secretive cent,86439
usr219@gt.edu,pass219,Caprice,Mconnell,unwieldy toad,25423
usr220@gt.edu,pass220,Raymon,Gotter,glorious mom,2906
usr221@gt.edu,pass221,Detra,Harabedian,mighty chalk,36017
usr222@gt.edu,pass222,Delmy,Spickerman,hideous insurance,31028
usr223@gt.edu,pass223,Franklyn,Moyd,exultant purpose,33849
usr224@gt.edu,pass224,Erinn,Brideau,finicky system,29433
usr225@gt.edu,pass225,Adelina,Foller,tacit battle,79330
usr226@gt.edu,pass226,Kris,Acuff,furtive camera,3269
usr227@gt.edu,pass227,Erick,Meisel,teeny library,12569
usr228@gt.edu,pass228,Buddy,Kampa,poor story,38004
usr229@gt.edu,pass229,Dean,Malvin,handsome blow,97737
usr230@gt.edu,pass230,Leota,Dilliard,halting train,56483
usr231@gt.edu,pass231,Lynelle,Weirather,juicy breath,60638
usr232@gt.edu,pass232,Ruthann,Frey,ceaseless thought,56122
usr233@gt.edu,pass233,Amber,Menter,long-term bird,6511
usr234@gt.edu,pass234,Janey,Garufi,furtive planes,23184
usr235@gt.edu,pass235,Glory,Silvestrini,gigantic cats,42566
usr236@gt.edu,pass236,Nan,Centini,madly slope,35203
usr237@gt.edu,pass237,France,Boulter,obedient purpose,83221
usr238@gt.edu,pass238,Gail,Isaacs,sparkling camera,67228
usr239@gt.edu,pass239,Rebecka,Myricks,adaptable price,48329
usr240@gt.edu,pass240,Paris,Dhamer,chivalrous slave,37202
usr241@gt.edu,pass241,Tarra,Mclaird,abnormal cheese,49056
usr242@gt.edu,pass242,Fletcher,Threets,secretive wine,54112
usr243@gt.edu,pass243,Sharee,Vocelka,outrageous error,81123
usr244@gt.edu,pass244,Roxane,Monarrez,capricious seat,48620
usr245@gt.edu,pass245,Felix,Heimann,unsightly low,40506
usr246@gt.edu,pass246,Dean,Springe,psychotic pickle,21710
usr247@gt.edu,pass247,Tracey,Karpin,disillusioned achiever,94952
usr248@gt.edu,pass248,Francine,Eroman,acoustic belief,2139
usr249@gt.edu,pass249,Thaddeus,Shields,defiant roll,65629
usr250@gt.edu,pass250,Arlette,Brideau,poor food,15834
usr251@gt.edu,pass251,Teri,Menter,smart temper,1432
usr252@gt.edu,pass252,Katina,Sahagun,grieving purpose,62613
usr253@gt.edu,pass253,Markus,Palaia,poor letter,26209
usr254@gt.edu,pass254,Marge,Weirather,halting slave,14201
usr255@gt.edu,pass255,Cecily,Garufi,pricey train,50049
usr256@gt.edu,pass256,Jolene,Munis,maniacal book,20653
usr257@gt.edu,pass257,Lemuel,Eroman,grubby paper,11241
usr258@gt.edu,pass258,Candida,Threets,cagey sun,7194
usr259@gt.edu,pass259,Luisa,Setter,adaptable art,34489
usr260@gt.edu,pass260,Staci,Villanueva,maniacal yak,34982
usr261@gt.edu,pass261,Blondell,Jillson,capricious man,91906
usr262@gt.edu,pass262,Ronny,Nestle,garrulous harbor,92025
usr263@gt.edu,pass263,Dulce,Tegarden,excellent knot,36901
usr264@gt.edu,pass264,Erick,Hengel,garrulous position,78461
usr265@gt.edu,pass265,Simona,Mclaird,ruthless crook,28130
usr266@gt.edu,pass266,Gracia,Morasca,bumpy children,57195
usr267@gt.edu,pass267,Jade,Arceo,adaptable aunt,42254
usr268@gt.edu,pass268,Francine,Albares,slippery grape,60706
usr269@gt.edu,pass269,Donette,Figeroa,endurable breath,59240
usr270@gt.edu,pass270,Shenika,Degonia,garrulous jar,38562
usr271@gt.edu,pass271,Jacqueline,Rauser,ubiquitous believe,49922
usr272@gt.edu,pass272,Shonda,Berray,spurious babies,35201
usr273@gt.edu,pass273,Rozella,Reitler,amused cherries,41549
usr274@gt.edu,pass274,Deeanna,Lindall,exultant sail,30353
usr275@gt.edu,pass275,Ryan,Fredicks,excellent straw,36009
usr276@gt.edu,pass276,Lezlie,Degonia,incandescent dress,62786
usr277@gt.edu,pass277,Ettie,Shields,chief trees,29218
usr278@gt.edu,pass278,Mitsue,Berganza,squeamish rat,80130
usr279@gt.edu,pass279,Carey,Morasca,organic jar,67235
usr280@gt.edu,pass280,Cory,Caldarera,lackadaisical drain,40590
usr281@gt.edu,pass281,Levi,Mcnease,powerful hate,38955
usr282@gt.edu,pass282,Theola,Saras,comfortable belief,67741
usr283@gt.edu,pass283,Levi,Julia,daffy side,76133
usr284@gt.edu,pass284,Yvonne,Schirpke,faithful middle,77032
usr285@gt.edu,pass285,Ciara,Cryer,grubby believe,83118
usr286@gt.edu,pass286,Annelle,Bourbon,embarrassed cannon,78109
usr287@gt.edu,pass287,Alishia,Knipp,abaft riddle,48398
usr288@gt.edu,pass288,Truman,Swayze,nine children,84038
usr289@gt.edu,pass289,Lili,Lorens,amusing laborer,18640
usr290@gt.edu,pass290,Kasandra,Amigon,charming nose,24594
usr291@gt.edu,pass291,Myra,Dickerson,stiff creator,71857
usr292@gt.edu,pass292,Tasia,Callaro,guttural word,11788
usr293@gt.edu,pass293,Beatriz,Haroldson,fixed toy,40177
usr294@gt.edu,pass294,Kirk,Flister,hungry trail,28458
usr295@gt.edu,pass295,Buddy,Lindall,glamorous trousers,75062
usr296@gt.edu,pass296,Brittni,Grenet,clever toothpaste,72029
usr297@gt.edu,pass297,Shonda,Husser,scrawny chalk,99640
usr298@gt.edu,pass298,Ma,Caudy,same crime,33447
usr299@gt.edu,pass299,Latrice,Kusko,smart clam,29840
usr300@gt.edu,pass300,Lizbeth,Hollack,slippery position,30822
usr301@gt.edu,pass301,Josphine,Samu,craven crown,28810
usr302@gt.edu,pass302,Lorrie,Ohms,absorbing honey,95140
usr303@gt.edu,pass303,Johnna,Pawlowicz,obedient talk,3046
usr304@gt.edu,pass304,Wilda,Korando,right bead,89128
usr305@gt.edu,pass305,Edna,Melnyk,teeny kick,92692
usr306@gt.edu,pass306,Weldon,Miceli,ruthless form,75251
usr307@gt.edu,pass307,Franklyn,Brachle,juicy duck,59448
usr308@gt.edu,pass308,Deandrea,Miceli,grubby foot,14127
usr309@gt.edu,pass309,Meaghan,Wieser,wonderful side,37246
usr310@gt.edu,pass310,Johnetta,Suffield,clever squirrel,43711
usr311@gt.edu,pass311,Marguerita,Marrier,unbecoming dust,15089
usr312@gt.edu,pass312,Jeanice,Sweely,outrageous trail,6231
usr313@gt.edu,pass313,Karan,Goldammer,clever crown,74032
usr314@gt.edu,pass314,Graciela,Stockham,outrageous train,24562
usr315@gt.edu,pass315,Keneth,Perin,sloppy snakes,50543
usr316@gt.edu,pass316,Dulce,Paprocki,gigantic girl,45896
usr317@gt.edu,pass317,Casie,Nestle,irate sleet,77512
usr318@gt.edu,pass318,Amber,Schnitzler,temporary week,90016
usr319@gt.edu,pass319,Helene,Spickerman,lackadaisical jar,19370
usr320@gt.edu,pass320,Willow,Sama,versed straw,32936
usr321@gt.edu,pass321,Bok,Burnard,same library,2066
usr322@gt.edu,pass322,Kris,Shadrick,material babies,47814
usr323@gt.edu,pass323,Franklyn,Lapage,endurable nut,42345
usr324@gt.edu,pass324,Beckie,Husser,furtive match,72107
usr325@gt.edu,pass325,Rolande,Saulter,silent ship,71316
usr326@gt.edu,pass326,Peggie,Kalafatis,absorbing yak,48071
usr327@gt.edu,pass327,Van,Wrinkles,complex fang,51654
usr328@gt.edu,pass328,Haydee,Hoopengardner,macho sail,71969
usr329@gt.edu,pass329,Vincenza,Moyd,concerned step,92122
usr330@gt.edu,pass330,Moon,Wildfong,massive flight,17301
usr331@gt.edu,pass331,Scarlet,Devreese,poor pail,27113
usr332@gt.edu,pass332,Winfred,Schirpke,waiting stamp,13020
usr333@gt.edu,pass333,Willodean,Abdallah,damp selection,21656
usr334@gt.edu,pass334,Herminia,Sahagun,encouraging collar,62053
usr335@gt.edu,pass335,Jerry,Butt,half coast,84189
usr336@gt.edu,pass336,Lynelle,Emard,amused cart,5463
usr337@gt.edu,pass337,Novella,Bowley,calculating babies,56174
usr338@gt.edu,pass338,Krissy,Hidvegi,faithful rat,46705
usr339@gt.edu,pass339,Sue,Schieler,organic cent,28637
usr340@gt.edu,pass340,Lorean,Zane,disillusioned breath,72471
usr341@gt.edu,pass341,Stephaine,Marrier,rightful loaf,24860
usr342@gt.edu,pass342,Annabelle,Shire,fuzzy fact,50673
usr343@gt.edu,pass343,Alline,Rodenberger,sticky van,45868
usr344@gt.edu,pass344,Celeste,Amigon,sudden van,17088
usr345@gt.edu,pass345,Shawnda,Thyberg,fuzzy men,90101
usr346@gt.edu,pass346,Lili,Onofrio,charming side,31512
usr347@gt.edu,pass347,Arminda,Bilden,pricey knee,59482
usr348@gt.edu,pass348,Antione,Linahan,massive wool,44620
usr349@gt.edu,pass349,Galen,Labreche,worried word,61564
usr350@gt.edu,pass350,Mona,Canlas,worried quince,79929
usr351@gt.edu,pass351,Barrett,Juhas,tart cannon,66759
usr352@gt.edu,pass352,Belen,Dilello,incredible flight,23530
usr353@gt.edu,pass353,Salome,Wolfgramm,towering record,3287
usr354@gt.edu,pass354,Theola,Hengel,amused arm,34204
usr355@gt.edu,pass355,Stephen,Paprocki,reflective temper,34974
usr356@gt.edu,pass356,Thurman,Devreese,healthy credit,38544
usr357@gt.edu,pass357,Ronny,Gleich,obedient cause,72217
usr358@gt.edu,pass358,Tegan,Hirpara,optimal burst,46285
usr359@gt.edu,pass359,Tammara,Fillingim,stiff snakes,38358
usr360@gt.edu,pass360,Galen,Rodenberger,organic dime,85931
usr361@gt.edu,pass361,Lenna,Bolognia,defiant system,81243
usr362@gt.edu,pass362,Cheryl,Morasca,silent man,79752
usr363@gt.edu,pass363,Leonora,Wildfong,hideous sun,64429
usr364@gt.edu,pass364,Valentin,Ferencz,capricious jar,87108
usr365@gt.edu,pass365,Viva,Zurcher,damp van,54140
usr366@gt.edu,pass366,Tasia,Suell,materialistic robin,74445
usr367@gt.edu,pass367,Glen,Brideau,incredible woman,80209
usr368@gt.edu,pass368,Nu,Merced,ambitious wrench,62674
usr369@gt.edu,pass369,Tiera,Tromblay,accurate credit,97640
usr370@gt.edu,pass370,Katina,Benimadho,temporary cheese,24459
usr371@gt.edu,pass371,Alisha,Cetta,adaptable girl,49331
usr372@gt.edu,pass372,Trinidad,Caudy,tested rifle,68956
usr373@gt.edu,pass373,Glory,Swayze,necessary shape,35487
usr374@gt.edu,pass374,Levi,Royster,trite dress,735
usr375@gt.edu,pass375,Chauncey,Bennick,slow slip,14852
usr376@gt.edu,pass376,Ozell,Dhamer,foamy pickle,60621
usr377@gt.edu,pass377,Rasheeda,Regusters,electric shape,46234
usr378@gt.edu,pass378,Fausto,Limmel,absurd rifle,1754
usr379@gt.edu,pass379,Iluminada,Borgman,nondescript cent,5772
usr380@gt.edu,pass380,Ammie,Dilello,clever vacation,36640
usr381@gt.edu,pass381,Viva,Tillotson,eatable coat,94535
usr382@gt.edu,pass382,Ty,Setter,faithful authority,43356
usr383@gt.edu,pass383,Solange,Lungren,hungry food,85648
usr384@gt.edu,pass384,Erick,Meisel,purring worm,94144
usr385@gt.edu,pass385,Lettie,Ruta,unsightly anger,10988
usr386@gt.edu,pass386,Jerry,Emigh,absorbing touch,70633
usr387@gt.edu,pass387,Lili,Discipio,cheap wool,56274
usr388@gt.edu,pass388,Terrilyn,Shadrick,somber blood,68180
usr389@gt.edu,pass389,Graciela,Wardrip,mighty slip,33092
usr390@gt.edu,pass390,Galen,Thyberg,irate arm,68748
usr391@gt.edu,pass391,Devora,Ehmann,incredible hate,62062
usr392@gt.edu,pass392,Fausto,Nachor,unsightly girl,54491
usr393@gt.edu,pass393,Fernanda,Walthall,milky error,42163
usr394@gt.edu,pass394,Elouise,Heintzman,wonderful hook,96222
usr395@gt.edu,pass395,Corinne,Poullion,ruthless dress,57366
usr396@gt.edu,pass396,Vincent,Breland,sneaky harbor,27583
usr397@gt.edu,pass397,Lizette,Grenet,unadvised vegetable,47039
usr398@gt.edu,pass398,Jess,Yaw,troubled veil,4626
usr399@gt.edu,pass399,Lonna,Frerking,obedient teeth,61259
usr400@gt.edu,pass400,Stephaine,Gwalthney,irate burst,57339
usr401@gt.edu,pass401,Lemuel,Samara,lackadaisical planes,64166
usr402@gt.edu,pass402,Ezekiel,Walthall,heady crown,57234
usr403@gt.edu,pass403,Gilma,Stoltzman,squeamish digestion,27429
usr404@gt.edu,pass404,Sharee,Sarao,grieving cart,79423
usr405@gt.edu,pass405,Bobbye,Angalich,long-term harbor,74053
usr406@gt.edu,pass406,Elly,Wardrip,splendid knot,82440
usr407@gt.edu,pass407,Layla,Lipke,eatable vegetable,4360
usr408@gt.edu,pass408,Jesusita,Koppinger,unadvised engine,56446
usr409@gt.edu,pass409,Pete,Reitler,steady stage,71149
usr410@gt.edu,pass410,Andra,Daufeldt,even error,30259
usr411@gt.edu,pass411,Beckie,Greenbush,hurried low,48881
usr412@gt.edu,pass412,Roxane,Lawler,spurious curve,7026
usr413@gt.edu,pass413,Tiera,Leto,stiff riddle,54532
usr414@gt.edu,pass414,Rolland,Vonasek,furtive low,70076
usr415@gt.edu,pass415,Ernest,Hudnall,psychotic insurance,28152
usr416@gt.edu,pass416,Tammara,Hellickson,hanging wrench,12841
usr417@gt.edu,pass417,Elvera,Bowley,dark stranger,34984
usr418@gt.edu,pass418,Bernardo,Labreche,electric pail,74741
usr419@gt.edu,pass419,Elza,Whobrey,likeable honey,28133
usr420@gt.edu,pass420,Donte,Tromblay,fearful credit,85288
usr421@gt.edu,pass421,Chanel,Emard,amusing seashore,99556
usr422@gt.edu,pass422,Brock,Slusarski,squeamish wine,10312
usr423@gt.edu,pass423,Wynell,Good,optimal insurance,95616
usr424@gt.edu,pass424,Tiffiny,Worlds,fuzzy system,40206
usr425@gt.edu,pass425,Heike,Maillard,tart stage,85211
usr426@gt.edu,pass426,Britt,Seewald,longing book,26404
usr427@gt.edu,pass427,Garry,Buvens,abaft pickle,21795
usr428@gt.edu,pass428,Vallie,Strassner,encouraging blood,77622
usr429@gt.edu,pass429,Jennifer,Munns,nonstop yak,47431
usr430@gt.edu,pass430,Cecil,Similton,sudden squirrel,92088
usr431@gt.edu,pass431,Lindsey,Husser,troubled kitty,49112
usr432@gt.edu,pass432,Ashlyn,Kolmetz,tacit laborer,38880
usr433@gt.edu,pass433,Ty,Mauson,spurious furniture,83805
usr434@gt.edu,pass434,Virgie,Wolfgramm,lackadaisical crown,72329
usr435@gt.edu,pass435,Lili,Cantres,shaggy price,62871
usr436@gt.edu,pass436,Graciela,Burnard,thick basketball,21274
usr437@gt.edu,pass437,Kate,Modzelewski,optimal arm,40252
usr438@gt.edu,pass438,Nieves,Hoa,healthy cub,29488
usr439@gt.edu,pass439,Jenelle,Castros,somber rifle,29676
usr440@gt.edu,pass440,Marti,Ryser,early jar,29666
usr441@gt.edu,pass441,Dottie,Hiatt,maniacal beef,32820
usr442@gt.edu,pass442,Cyril,Loder,hanging bird,84648
usr443@gt.edu,pass443,Daniel,Shealy,evasive story,67850
usr444@gt.edu,pass444,Lavonna,Bilden,daily worm,58528
usr445@gt.edu,pass445,Merissa,Scriven,lackadaisical toothpaste,21204
usr446@gt.edu,pass446,Solange,Seewald,secret pipe,48884
usr447@gt.edu,pass447,Timothy,Ferencz,acid silver,2134
usr448@gt.edu,pass448,Deandrea,Shire,smart planes,47531
usr449@gt.edu,pass449,Nu,Yori,incredible authority,21055
usr450@gt.edu,pass450,Felicidad,Delasancha,apathetic coast,13662
usr451@gt.edu,pass451,Chantell,Blunk,long-term hate,63675
usr452@gt.edu,pass452,Nichelle,Caiafa,smart chalk,66221
usr453@gt.edu,pass453,Blondell,Mauson,past hook,24127
usr454@gt.edu,pass454,Gracia,Cantres,unruly robin,61545
usr455@gt.edu,pass455,Jennie,Hamilton,delicious vessel,38843
usr456@gt.edu,pass456,Rolland,Pelkowski,capricious children,96053
usr457@gt.edu,pass457,Cyril,Blunk,lyrical pipe,97056
usr458@gt.edu,pass458,Albina,Seewald,handsome passenger,59257
usr459@gt.edu,pass459,Cordelia,Mcnease,breezy mom,21803
usr460@gt.edu,pass460,Carlee,Blackwood,tart cake,80428
usr461@gt.edu,pass461,Merilyn,Lorens,sloppy rifle,24063
usr462@gt.edu,pass462,Rodolfo,Palaia,handsome coil,94299
usr463@gt.edu,pass463,Alline,Mconnell,absurd aunt,6032
usr464@gt.edu,pass464,Moon,Husser,powerful middle,12093
usr465@gt.edu,pass465,Twana,Dickerson,awake authority,79072
usr466@gt.edu,pass466,Marti,Gesick,silent cheese,78938
usr467@gt.edu,pass467,Jade,Wolny,daily rings,49863
usr468@gt.edu,pass468,Deonna,Maybury,juicy silver,44202
usr469@gt.edu,pass469,Ligia,Kaniecki,defiant sail,40033
usr470@gt.edu,pass470,Xuan,Mcdoniel,excellent ink,7410
usr471@gt.edu,pass471,Carey,Perez,gigantic pipe,22485
usr472@gt.edu,pass472,Noah,Kampa,early trousers,63829
usr473@gt.edu,pass473,Lorrie,Eanes,ubiquitous jar,66728
usr474@gt.edu,pass474,Lonna,Steffensmeier,excellent loaf,95715
usr475@gt.edu,pass475,France,Schmierer,bumpy cause,12729
usr476@gt.edu,pass476,Raul,Wiklund,uninterested week,13104
usr477@gt.edu,pass477,Derick,Calvaresi,eatable distance,75663
usr478@gt.edu,pass478,Trinidad,Bowley,condemned battle,71363
usr479@gt.edu,pass479,Merilyn,Mauson,likeable houses,55127
usr480@gt.edu,pass480,Shawnda,Bartolet,breezy bead,43963
usr481@gt.edu,pass481,Heike,Hauenstein,hungry rifle,2906
usr482@gt.edu,pass482,Markus,Wrinkles,picayune coat,91708
usr483@gt.edu,pass483,Rozella,Ragel,sticky word,46660
usr484@gt.edu,pass484,Joesph,Wenzinger,craven vacation,5059
usr485@gt.edu,pass485,Novella,Kines,electric seashore,62366
usr486@gt.edu,pass486,Raylene,Seewald,worried grade,45634
usr487@gt.edu,pass487,Izetta,Buzick,glorious pen,12543
usr488@gt.edu,pass488,Laurel,Colaizzo,craven slip,28950
usr489@gt.edu,pass489,Lynelle,Butt,absurd drain,7865
usr490@gt.edu,pass490,Raylene,Amigon,humdrum gold,78705
usr491@gt.edu,pass491,Mitsue,Kines,eatable slope,19049
usr492@gt.edu,pass492,Markus,Bubash,hanging food,19050
usr493@gt.edu,pass493,Tegan,Kolmetz,daffy hook,54763
usr494@gt.edu,pass494,Thaddeus,Dinos,madly spy,10301
usr495@gt.edu,pass495,Alease,Keetch,stupid earth,82620
usr496@gt.edu,pass496,Tyra,Paa,unruly harbor,68601
usr497@gt.edu,pass497,Bernardine,Matuszak,polite system,24475
usr498@gt.edu,pass498,Chanel,Boord,defiant letter,21727
usr499@gt.edu,pass499,Justine,Varriano,makeshift grain,57001
usr500@gt.edu,pass500,Ashlyn,Keener,evasive breath,83835
usr501@gt.edu,pass501,Ressie,Leinenbach,right umbrella,1568
usr502@gt.edu,pass502,Fletcher,Rantanen,early toothbrush,58785
usr503@gt.edu,pass503,Mitsue,Maynerich,substantial believe,64190
usr504@gt.edu,pass504,Adell,Kampa,remarkable art,29580
usr505@gt.edu,pass505,Herminia,Ohms,concerned blow,64633
usr506@gt.edu,pass506,Shonda,Caiafa,eatable quince,94205
usr507@gt.edu,pass507,Weldon,Tagala,tacit sack,77835
usr508@gt.edu,pass508,Lonna,Chickering,complex beds,24553
usr509@gt.edu,pass509,Fabiola,Berray,incredible pickle,45152
usr510@gt.edu,pass510,Delmy,Ketelsen,wonderful sleet,49724
usr511@gt.edu,pass511,Portia,Cryer,nice chalk,59402
usr512@gt.edu,pass512,Margart,Seewald,earsplitting quince,54622
usr513@gt.edu,pass513,Vallie,Fredicks,gigantic slip,15017
usr514@gt.edu,pass514,Levi,Kohnert,craven cause,31520
usr515@gt.edu,pass515,Lai,Schmierer,maniacal man,84527
usr516@gt.edu,pass516,Felix,Stuer,unbecoming clover,34771
usr517@gt.edu,pass517,Arlene,Boulter,temporary talk,83540
usr518@gt.edu,pass518,Tracey,Halsey,absurd toy,39427
usr519@gt.edu,pass519,Earleen,Stimmel,lackadaisical locket,66041
usr520@gt.edu,pass520,Ruthann,Gillian,actually bone,78407
usr521@gt.edu,pass521,Beckie,Lawler,half woman,33835
usr522@gt.edu,pass522,Helaine,Vanheusen,roasted slope,34292
usr523@gt.edu,pass523,Raina,Schemmer,macho trees,14767
usr524@gt.edu,pass524,Lorean,Sahagun,curious cake,3590
usr525@gt.edu,pass525,Leota,Blackwood,purring nut,96853
usr526@gt.edu,pass526,Pamella,Butzen,mere beds,48470
usr527@gt.edu,pass527,Dean,Ragel,secret credit,4571
usr528@gt.edu,pass528,Sharika,Amigon,makeshift straw,44256
usr529@gt.edu,pass529,Freeman,Reitler,outrageous beef,67118
usr530@gt.edu,pass530,Kris,Skursky,waiting men,35661
usr531@gt.edu,pass531,Marge,Klonowski,awake noise,44179
usr532@gt.edu,pass532,Quentin,Sarao,scrawny blow,16511
usr533@gt.edu,pass533,Xochitl,Discipio,complex train,80962
usr534@gt.edu,pass534,Candida,Smith,breezy wrench,57658
usr535@gt.edu,pass535,Roselle,Daufeldt,chief laborer,60960
usr536@gt.edu,pass536,Maryann,Ruta,embarrassed fuel,99116
usr537@gt.edu,pass537,Cammy,Whobrey,teeny tent,47460
usr538@gt.edu,pass538,Nickolas,Mcdoniel,special children,21829
usr539@gt.edu,pass539,Kristeen,Kitzman,kind grade,68742
usr540@gt.edu,pass540,Ryan,Delasancha,defiant wine,35442
usr541@gt.edu,pass541,Malcolm,Storment,cagey stamp,37846
usr542@gt.edu,pass542,Kirk,Flosi,makeshift coat,56663
usr543@gt.edu,pass543,Irma,Acey,lackadaisical burst,30029
usr544@gt.edu,pass544,Gertude,Wiklund,breezy battle,76869
usr545@gt.edu,pass545,Sheron,Scipione,guttural flight,62906
usr546@gt.edu,pass546,Barrett,Rodenberger,early foot,65440
usr547@gt.edu,pass547,Lezlie,Ehmann,massive bushes,28768
usr548@gt.edu,pass548,Alline,Lapage,milky earth,99329
usr549@gt.edu,pass549,Renea,Bolognia,ambitious yak,16159
usr550@gt.edu,pass550,Natalie,Tjepkema,hard bead,52338
usr551@gt.edu,pass551,Deandrea,Slayton,purring toy,92624
usr552@gt.edu,pass552,Hubert,Shields,barbarous insurance,7752
usr553@gt.edu,pass553,Dottie,Vanausdal,condemned clover,59444
usr554@gt.edu,pass554,Ashlyn,Stimmel,nondescript beds,71254
usr555@gt.edu,pass555,Josphine,Cryer,volatile verse,65747
usr556@gt.edu,pass556,Jettie,Sweigard,unsightly linen,7952
usr557@gt.edu,pass557,Micaela,Maile,ceaseless drain,71113
usr558@gt.edu,pass558,Lindsey,Ryser,disillusioned crime,76301
usr559@gt.edu,pass559,Raylene,Blackwood,earsplitting spy,47264
usr560@gt.edu,pass560,Dyan,Stem,material foot,45410
usr561@gt.edu,pass561,Dulce,Dopico,abiding trousers,38558
usr562@gt.edu,pass562,Virgina,Crupi,longing train,95297
usr563@gt.edu,pass563,Marvel,Cronauer,numberless arm,36110
usr564@gt.edu,pass564,Mitsue,Lary,grieving record,44905
usr565@gt.edu,pass565,Fatima,Cartan,electric circle,44077
usr566@gt.edu,pass566,Fatima,Polidori,disagreeable man,3768
usr567@gt.edu,pass567,Yolando,Steffensmeier,exultant food,12159
usr568@gt.edu,pass568,Helaine,Monterrubio,evasive verse,38111
usr569@gt.edu,pass569,Noah,Keener,glorious coil,97062
usr570@gt.edu,pass570,Tarra,Lipke,adaptable cheese,99202
usr571@gt.edu,pass571,Lucina,Hochard,disagreeable vessel,20552
usr572@gt.edu,pass572,Mitzie,Dallen,nine teeth,50307
usr573@gt.edu,pass573,Donette,Newville,unsightly bead,87513
usr574@gt.edu,pass574,Catalina,Bowley,ruthless sack,55807
usr575@gt.edu,pass575,Ligia,Corrio,special form,94025
usr576@gt.edu,pass576,Chantell,Tolfree,penitent locket,88548
usr577@gt.edu,pass577,Salome,Perin,massive ship,4841
usr578@gt.edu,pass578,Fletcher,Stoltzman,sticky sneeze,32040
usr579@gt.edu,pass579,Valentin,Venere,eatable locket,91364
usr580@gt.edu,pass580,Teri,Palaspas,sloppy story,45714
usr581@gt.edu,pass581,Melodie,Walthall,sulky cart,88314
usr582@gt.edu,pass582,Glory,Fortino,comfortable wool,39737
usr583@gt.edu,pass583,Sue,Hanafan,hungry jar,29624
usr584@gt.edu,pass584,Vallie,Goldammer,squeamish quince,29641
usr585@gt.edu,pass585,Dalene,Perin,jagged veil,15660
usr586@gt.edu,pass586,Erinn,Shealy,half blow,70186
usr587@gt.edu,pass587,Oretha,Wardrip,cute sack,35238
usr588@gt.edu,pass588,Pete,Layous,dark purpose,46502
usr589@gt.edu,pass589,Marguerita,Jayson,bitter fang,2717
usr590@gt.edu,pass590,Freeman,Heintzman,future breath,18913
usr591@gt.edu,pass591,Aja,Liukko,slow selection,50655
usr592@gt.edu,pass592,Dierdre,Steier,abstracted cats,76053
usr593@gt.edu,pass593,Abel,Rentfro,bumpy toy,82432
usr594@gt.edu,pass594,Denise,Gleich,longing clover,43080
usr595@gt.edu,pass595,Gilma,Mallett,chivalrous position,17768
usr596@gt.edu,pass596,Gracia,Rodeigues,likeable achiever,15691
usr597@gt.edu,pass597,Arthur,Waymire,wandering religion,68626
usr598@gt.edu,pass598,Kati,Gwalthney,dark jar,13211
usr599@gt.edu,pass599,Izetta,Kitty,fixed van,2886
usr600@gt.edu,pass600,Golda,Centini,acid basketball,12930
usr601@gt.edu,pass601,Theola,Schoeneck,fearful blow,75110
usr602@gt.edu,pass602,Sherita,Varriano,glamorous drain,78721
usr603@gt.edu,pass603,Nana,Gillian,shaggy curve,17601
usr604@gt.edu,pass604,Timothy,Kusko,troubled yak,26720
usr605@gt.edu,pass605,Malinda,Butt,organic bone,96857
usr606@gt.edu,pass606,Lorean,Claucherty,chivalrous yak,20857
usr607@gt.edu,pass607,Golda,Bilden,polite nut,56036
usr608@gt.edu,pass608,Ty,Jurney,amusing belief,48051
usr609@gt.edu,pass609,Danica,Weight,shaggy distance,39298
usr610@gt.edu,pass610,Dottie,Schieler,defiant woman,65102
usr611@gt.edu,pass611,Judy,Nunlee,irate duck,62890
usr612@gt.edu,pass612,Lili,Klusman,tart bird,39483
usr613@gt.edu,pass613,Joesph,Sarbacher,future kitty,45764
usr614@gt.edu,pass614,Candida,Stimmel,furtive aunt,87413
usr615@gt.edu,pass615,Martina,Hagele,glamorous wine,27520
usr616@gt.edu,pass616,Hermila,Pontoriero,somber cats,27981
usr617@gt.edu,pass617,Elza,Monterrubio,lyrical ship,37722
usr618@gt.edu,pass618,Glendora,Karpel,chief health,33983
usr619@gt.edu,pass619,Carey,Yglesias,evasive nut,7201
usr620@gt.edu,pass620,Cassi,Schieler,clever drain,72367
usr621@gt.edu,pass621,Whitley,Parvis,breezy umbrella,66733
usr622@gt.edu,pass622,Ligia,Gellinger,glamorous sack,61054
usr623@gt.edu,pass623,Krissy,Deleo,troubled caption,71375
usr624@gt.edu,pass624,Minna,Lueckenbach,guttural blow,37249
usr625@gt.edu,pass625,Kayleigh,Raymo,grieving book,37745
usr626@gt.edu,pass626,Taryn,Frerking,delicious clam,14724
usr627@gt.edu,pass627,Helga,Parlato,amused yak,66732
usr628@gt.edu,pass628,Loren,Gleich,one man,33487
usr629@gt.edu,pass629,Fabiola,Duenas,numberless clam,65278
usr630@gt.edu,pass630,Myra,Briddick,barbarous form,13209
usr631@gt.edu,pass631,Ettie,Vizarro,stimulating match,38722
usr632@gt.edu,pass632,Candida,Klang,irate dust,49083
usr633@gt.edu,pass633,Samira,Leinenbach,cool story,7974
usr634@gt.edu,pass634,Gertude,Hoa,somber letter,23434
usr635@gt.edu,pass635,Reena,Boord,ceaseless step,13808
usr636@gt.edu,pass636,Blondell,Gehrett,hungry step,73661
usr637@gt.edu,pass637,Alline,Ogg,tart van,59000
usr638@gt.edu,pass638,Annelle,Hamilton,optimal afterthought,62817
usr639@gt.edu,pass639,Gearldine,Bartolet,hanging duck,44125
usr640@gt.edu,pass640,Herminia,Hauenstein,remarkable snakes,33027
usr641@gt.edu,pass641,Pete,Centini,abaft insurance,41030
usr642@gt.edu,pass642,Justine,Perin,daffy fang,55798
usr643@gt.edu,pass643,Louisa,Rodeigues,sad slave,58229
usr644@gt.edu,pass644,Raymon,Hidvegi,furtive clam,30304
usr645@gt.edu,pass645,Bernardine,Juhas,powerful toy,58039
usr646@gt.edu,pass646,Sabra,Zane,future downtown,17887
usr647@gt.edu,pass647,Joesph,Cartan,picayune ship,79699
usr648@gt.edu,pass648,Meaghan,Palaspas,sulky beef,28420
usr649@gt.edu,pass649,Lili,Wiklund,damaged cheese,54948
usr650@gt.edu,pass650,Merilyn,Campain,sad verse,11378
usr651@gt.edu,pass651,Dorthy,Claucherty,defiant slave,33335
usr652@gt.edu,pass652,Sherita,Witten,early grape,58240
usr653@gt.edu,pass653,Fatima,Jayson,delicious judge,90241
usr654@gt.edu,pass654,Kimbery,Kaniecki,chivalrous coach,71958
usr655@gt.edu,pass655,Lilli,Shields,poor arm,60062
usr656@gt.edu,pass656,Lenna,Centini,stupid rat,1532
usr657@gt.edu,pass657,Quentin,Harnos,embarrassed cats,15025
usr658@gt.edu,pass658,Bok,Gobern,comfortable porter,77274
usr659@gt.edu,pass659,Dorthy,Myricks,noiseless grain,15754
usr660@gt.edu,pass660,Ezekiel,Ruta,cagey error,90021
usr661@gt.edu,pass661,Deandrea,Gillian,special knee,20855
usr662@gt.edu,pass662,Jess,Funnell,damaged food,19804
usr663@gt.edu,pass663,Jerry,Stem,excellent train,38048
usr664@gt.edu,pass664,Karan,Palaspas,scrawny toothpaste,62618
usr665@gt.edu,pass665,Tarra,Layous,bored dress,54913
usr666@gt.edu,pass666,Caitlin,Dorshorst,cool toy,63107
usr667@gt.edu,pass667,Jani,Suffield,milky eye,99725
usr668@gt.edu,pass668,Cammy,Schnitzler,cheap side,58035
usr669@gt.edu,pass669,Myra,Albares,unsightly slip,25801
usr670@gt.edu,pass670,Norah,Baltimore,fearful shape,85048
usr671@gt.edu,pass671,Alex,Estell,ritzy toy,72199
usr672@gt.edu,pass672,Viola,Manno,towering pail,58484
usr673@gt.edu,pass673,Krissy,Zagen,grieving wheel,14305
usr674@gt.edu,pass674,Jade,Gobern,accurate drain,19456
usr675@gt.edu,pass675,Donette,Breland,early word,94127
usr676@gt.edu,pass676,Raul,Gudroe,remarkable camera,54230
usr677@gt.edu,pass677,Nan,Reitler,wrong seashore,90027
usr678@gt.edu,pass678,Jenelle,Sweely,special dust,78941
usr679@gt.edu,pass679,Izetta,Saulter,milky health,50682
usr680@gt.edu,pass680,Daren,Ragel,nippy slave,75972
usr681@gt.edu,pass681,Kiley,Yori,amusing temper,20674
usr682@gt.edu,pass682,Kayleigh,Aredondo,breezy coat,35570
usr683@gt.edu,pass683,Viola,Angalich,comfortable ship,47591
usr684@gt.edu,pass684,Emerson,Linahan,charming gold,39341
usr685@gt.edu,pass685,Junita,Ferencz,amusing step,27220
usr686@gt.edu,pass686,Justine,Klusman,numberless coast,38575
usr687@gt.edu,pass687,Annelle,Weight,incandescent letter,60015
usr688@gt.edu,pass688,Mattie,Mauson,likeable fang,6786
usr689@gt.edu,pass689,Dyan,Morasca,excellent bushes,71164
usr690@gt.edu,pass690,Christiane,Greenbush,hard bone,43526
usr691@gt.edu,pass691,France,Suffield,ritzy van,66830
usr692@gt.edu,pass692,Yolando,Perin,breezy nose,62255
usr693@gt.edu,pass693,Elouise,Flosi,daily curve,98604
usr694@gt.edu,pass694,Josephine,Eschberger,charming achiever,2638
usr695@gt.edu,pass695,Caitlin,Coyier,humdrum form,99166
usr696@gt.edu,pass696,Mari,Skulski,sparkling grade,4056
usr697@gt.edu,pass697,Cyril,Mallett,actually railway,98623
usr698@gt.edu,pass698,Veronika,Sayaphon,powerful ink,99736
usr699@gt.edu,pass699,Golda,Foller,garrulous cats,24161
usr700@gt.edu,pass700,My,Maclead,tacit sneeze,30232
usr701@gt.edu,pass701,Arminda,Sergi,early furniture,29166
usr702@gt.edu,pass702,Dierdre,Restrepo,nippy stranger,28638
usr703@gt.edu,pass703,Herminia,Suell,ceaseless kick,77960
usr704@gt.edu,pass704,Vallie,Kampa,stupid dust,26651
usr705@gt.edu,pass705,Tawna,Thyberg,defiant judge,33830
usr706@gt.edu,pass706,Annelle,Isenhower,endurable recess,95669
usr707@gt.edu,pass707,Ligia,Denooyer,habitual aunt,43524
usr708@gt.edu,pass708,Vi,Goldammer,disillusioned position,57741
usr709@gt.edu,pass709,Kayleigh,Karpin,hungry drain,19535
usr710@gt.edu,pass710,Nobuko,Poullion,rude bird,7079
usr711@gt.edu,pass711,Frederica,Sweely,hanging squirrel,43951
usr712@gt.edu,pass712,Frederica,Ogg,scrawny sleet,32083
usr713@gt.edu,pass713,Oretha,Sawchuk,wide-eyed cheese,16734
usr714@gt.edu,pass714,Jani,Haufler,irate belief,41164
usr715@gt.edu,pass715,Stevie,Goldammer,special noise,20035
usr716@gt.edu,pass716,Jennie,Regusters,likeable vegetable,48113
usr717@gt.edu,pass717,Vincent,Pedrozo,temporary stamp,40376
usr718@gt.edu,pass718,Xochitl,Menter,glamorous cent,67584
usr719@gt.edu,pass719,Ryan,Francescon,juicy low,62853
usr720@gt.edu,pass720,Vincenza,Schmaltz,temporary flower,48414
usr721@gt.edu,pass721,James,Suell,cute coil,67447
usr722@gt.edu,pass722,Dulce,Keneipp,disagreeable flight,7881
usr723@gt.edu,pass723,Tamar,Jayson,incredible insurance,34653
usr724@gt.edu,pass724,Nana,Smith,long-term slope,58627
usr725@gt.edu,pass725,Thaddeus,Nicolozakes,picayune slave,34950
usr726@gt.edu,pass726,Carin,Dickerson,abnormal cannon,38131
usr727@gt.edu,pass727,Virgina,Kiel,sparkling locket,33061
usr728@gt.edu,pass728,Weldon,Zagen,abiding houses,6353
usr729@gt.edu,pass729,Corinne,Restrepo,psychotic quince,58752
usr730@gt.edu,pass730,Carin,Harabedian,unwieldy sack,48916
usr731@gt.edu,pass731,Fernanda,Menter,handsome porter,87061
usr732@gt.edu,pass732,Jeanice,Poquette,material umbrella,29633
usr733@gt.edu,pass733,Delmy,Lace,massive crayon,45688
usr734@gt.edu,pass734,Rosio,Cousey,sudden middle,92683
usr735@gt.edu,pass735,Kallie,Wenzinger,curious dress,39747
usr736@gt.edu,pass736,Jolene,Scipione,likeable match,93761
usr737@gt.edu,pass737,Johnetta,Pelkowski,awake slip,56710
usr738@gt.edu,pass738,Annabelle,Fortino,sloppy battle,4782
usr739@gt.edu,pass739,Oretha,Tomblin,half clam,93706
usr740@gt.edu,pass740,Glenn,Grenet,temporary health,93278
usr741@gt.edu,pass741,Lezlie,Vanausdal,unbecoming linen,51246
usr742@gt.edu,pass742,Jacqueline,Restrepo,lyrical cows,70879
usr743@gt.edu,pass743,Arlene,Mcdoniel,fixed engine,29078
usr744@gt.edu,pass744,Arlene,Gobern,roasted quince,24925
usr745@gt.edu,pass745,Ozell,Swayze,furtive achiever,7926
usr746@gt.edu,pass746,Judy,Dinos,accurate pickle,68725
usr747@gt.edu,pass747,Jaclyn,Neither,makeshift kitty,4745
usr748@gt.edu,pass748,Katina,Yum,heady cake,74546
usr749@gt.edu,pass749,Salome,Royster,trite food,45734
usr750@gt.edu,pass750,Casie,Burnard,disagreeable wine,66526
usr751@gt.edu,pass751,Valentine,Setter,delicious gold,64671
usr752@gt.edu,pass752,Glenn,Spickerman,daily coat,23709
usr753@gt.edu,pass753,Helaine,Raymo,rude step,29528
usr754@gt.edu,pass754,Hoa,Ennaco,temporary coil,61024
usr755@gt.edu,pass755,Jaclyn,Dilello,hurried cannon,76862
usr756@gt.edu,pass756,Junita,Rauser,stupid drain,72952
usr757@gt.edu,pass757,Lisha,Latzke,abaft grain,80013
usr758@gt.edu,pass758,Viva,Bilden,accurate fuel,54005
usr759@gt.edu,pass759,Deonna,Yum,psychotic bead,2181
usr760@gt.edu,pass760,Rikki,Mauson,abaft afterthought,62983
usr761@gt.edu,pass761,Noah,Bayless,encouraging wrench,96816
usr762@gt.edu,pass762,Becky,Herritt,craven linen,2940
usr763@gt.edu,pass763,Mari,Boord,organic burst,21160
usr764@gt.edu,pass764,Dyan,Gotter,waiting library,36762
usr765@gt.edu,pass765,Nan,Skursky,chief wheel,32080
usr766@gt.edu,pass766,France,Maillard,numberless knee,17033
usr767@gt.edu,pass767,Bette,Suell,fearful toothpaste,56748
usr768@gt.edu,pass768,Gilma,Witten,rude breath,62916
usr769@gt.edu,pass769,Erick,Hoffis,awake fact,41004
usr770@gt.edu,pass770,Rolland,Scheyer,outrageous son,15015
usr771@gt.edu,pass771,Veronika,Paskin,teeny flower,84022
usr772@gt.edu,pass772,Venita,Vinning,ambitious fuel,58790
usr773@gt.edu,pass773,Elza,Paa,charming cats,63626
usr774@gt.edu,pass774,Peggie,Sawchuk,glamorous linen,89711
usr775@gt.edu,pass775,Martina,Maisto,makeshift squirrel,39662
usr776@gt.edu,pass776,Olive,Lorens,outrageous thought,34429
usr777@gt.edu,pass777,Mona,Zepp,optimal pets,69201
usr778@gt.edu,pass778,Lili,Giguere,ad hoc jar,79912
usr779@gt.edu,pass779,Francine,Brachle,nippy toothpaste,23514
usr780@gt.edu,pass780,Micaela,Bartolet,polite digestion,68938
usr781@gt.edu,pass781,Ezekiel,Riopelle,early straw,40550
usr782@gt.edu,pass782,Lai,Malet,shaggy train,83115
usr783@gt.edu,pass783,Lavera,Karpin,mere mom,78240
usr784@gt.edu,pass784,Paris,Zepp,bored afterthought,1609
usr785@gt.edu,pass785,Ligia,Delasancha,uninterested stamp,87581
usr786@gt.edu,pass786,Shonda,Knipp,complex chance,36270
usr787@gt.edu,pass787,Alline,Riden,smart cent,91724
usr788@gt.edu,pass788,Kimbery,Walthall,amused circle,15203
usr789@gt.edu,pass789,Mitzie,Kines,nonstop kitty,19033
usr790@gt.edu,pass790,Britt,Merced,ambitious roll,74104
usr791@gt.edu,pass791,Nichelle,Meinerding,slippery peace,27809
usr792@gt.edu,pass792,Georgene,Monarrez,concerned locket,76652
usr793@gt.edu,pass793,Lemuel,Toelkes,stupid houses,48827
usr794@gt.edu,pass794,Fletcher,Villanueva,numberless cub,26343
usr795@gt.edu,pass795,Dorothy,Reitler,secretive umbrella,18232
usr796@gt.edu,pass796,Galen,Estell,irate loaf,4401
usr797@gt.edu,pass797,Felicidad,Slayton,makeshift coach,44450
usr798@gt.edu,pass798,Martina,Threets,capricious cub,14133
usr799@gt.edu,pass799,Lenna,Bergesen,cheap knee,29340
usr800@gt.edu,pass800,Gayla,Bartolet,encouraging bait,88346
usr801@gt.edu,pass801,Janine,Daufeldt,nondescript basketball,87517
usr802@gt.edu,pass802,Gwenn,Syrop,rude apparatus,83340
usr803@gt.edu,pass803,Donette,Perin,damp temper,26630
usr804@gt.edu,pass804,Glendora,Ryser,cagey kitty,49279
usr805@gt.edu,pass805,Annmarie,Steier,damaged burst,41730
usr806@gt.edu,pass806,Catalina,Rodeigues,nine houses,77292
usr807@gt.edu,pass807,Virgie,Slusarski,wonderful fang,12861
usr808@gt.edu,pass808,Kerry,Montezuma,excellent low,99206
usr809@gt.edu,pass809,Graciela,Butzen,unruly gold,15238
usr810@gt.edu,pass810,Merlyn,Scriven,amusing beef,14021
usr811@gt.edu,pass811,Valentin,Turinetti,stupid bird,72204
usr812@gt.edu,pass812,Roxane,Koppinger,versed circle,84771
usr813@gt.edu,pass813,Helene,Tomblin,somber nut,37684
usr814@gt.edu,pass814,Nieves,Myricks,finicky rat,39530
usr815@gt.edu,pass815,Ettie,Hudnall,clever loaf,72465
usr816@gt.edu,pass816,Carissa,Ruta,tested roll,30030
usr817@gt.edu,pass817,Lashandra,Nievas,glorious yak,32317
usr818@gt.edu,pass818,Valentine,Halsey,worried selection,24236
usr819@gt.edu,pass819,Lemuel,Campain,garrulous flower,64160
usr820@gt.edu,pass820,Alisha,Bubash,slow believe,44417
usr821@gt.edu,pass821,Samira,Iturbide,hanging blow,62649
usr822@gt.edu,pass822,Lai,Crupi,mere passenger,24832
usr823@gt.edu,pass823,Chau,Kitzman,dark loaf,87326
usr824@gt.edu,pass824,Thaddeus,Nabours,nine rabbit,85532
usr825@gt.edu,pass825,Ezekiel,Vanausdal,powerful digestion,47702
usr826@gt.edu,pass826,Donte,Bayless,mighty wash,67233
usr827@gt.edu,pass827,Scarlet,Manno,stimulating pickle,19118
usr828@gt.edu,pass828,Fannie,Kannady,eatable system,16049
usr829@gt.edu,pass829,Viva,Keneipp,past man,97701
usr830@gt.edu,pass830,Margart,Pedrozo,healthy selection,69029
usr831@gt.edu,pass831,Glenna,Brachle,disagreeable quince,2906
usr832@gt.edu,pass832,Herman,Felger,daily error,91103
usr833@gt.edu,pass833,Natalie,Royster,polite passenger,61030
usr834@gt.edu,pass834,Cecilia,Coyier,cheap loaf,40380
usr835@gt.edu,pass835,Glenna,Koppinger,numberless chalk,98833
usr836@gt.edu,pass836,Malinda,Claucherty,condemned step,61360
usr837@gt.edu,pass837,Diane,Pelkowski,dark caption,14441
usr838@gt.edu,pass838,Ammie,Vanheusen,macho pail,62339
usr839@gt.edu,pass839,Virgina,Acey,sticky battle,63080
usr840@gt.edu,pass840,Skye,Sweely,troubled statement,78645
usr841@gt.edu,pass841,Sherita,Royster,waiting cats,23667
usr842@gt.edu,pass842,Tasia,Gochal,organic trail,65774
usr843@gt.edu,pass843,Elke,Stockham,tight position,22514
usr844@gt.edu,pass844,Timothy,Wrinkles,ten crime,42364
usr845@gt.edu,pass845,Daron,Demesa,apathetic toad,25440
usr846@gt.edu,pass846,Adelina,Degroot,grubby engine,99777
usr847@gt.edu,pass847,Taryn,Poquette,trite battle,68339
usr848@gt.edu,pass848,Kattie,Lapage,splendid yak,67066
usr849@gt.edu,pass849,Gearldine,Mulqueen,grubby quince,46626
usr850@gt.edu,pass850,Elvera,Gochal,picayune curve,60458
usr851@gt.edu,pass851,Ammie,Latzke,cool battle,61766
usr852@gt.edu,pass852,Lavera,Butzen,lyrical vacation,88516
usr853@gt.edu,pass853,Dottie,Nicolozakes,volatile sleet,44309
usr854@gt.edu,pass854,Peggie,Hoopengardner,guttural railway,74107
usr855@gt.edu,pass855,Bulah,Madarang,irate woman,11955
usr856@gt.edu,pass856,Ty,Scriven,uninterested toy,54738
usr857@gt.edu,pass857,Shawnda,Chesterfield,sparkling letter,80544
usr858@gt.edu,pass858,Carissa,Newville,electric clover,72680
usr859@gt.edu,pass859,Catarina,Riden,hurried stranger,78146
usr860@gt.edu,pass860,Alesia,Shields,cute stamp,34484
usr861@gt.edu,pass861,Melissa,Discipio,concerned riddle,99777
usr862@gt.edu,pass862,Graciela,Hamilton,fixed chalk,5733
usr863@gt.edu,pass863,Audry,Kampa,polite gold,74056
usr864@gt.edu,pass864,Adelina,Dewar,wrong dust,32791
usr865@gt.edu,pass865,Ligia,Palaia,accurate achiever,14643
usr866@gt.edu,pass866,Jennie,Liukko,worried sneeze,30742
usr867@gt.edu,pass867,Van,Baltimore,curious cub,6389
usr868@gt.edu,pass868,Kenneth,Shin,lyrical form,5085
usr869@gt.edu,pass869,Nichelle,Diestel,accurate chance,29914
usr870@gt.edu,pass870,Gayla,Kippley,unbecoming loaf,50862
usr871@gt.edu,pass871,Trinidad,Arias,hanging peace,28167
usr872@gt.edu,pass872,Kallie,Asar,damaged tent,56449
usr873@gt.edu,pass873,Viva,Lorens,sloppy coast,47138
usr874@gt.edu,pass874,Jamal,Feichtner,gigantic toothbrush,19516
usr875@gt.edu,pass875,Dorthy,Lary,amused war,23141
usr876@gt.edu,pass876,Janey,Haroldson,troubled apparatus,10203
usr877@gt.edu,pass877,Tyra,Fredicks,noiseless middle,78040
usr878@gt.edu,pass878,Carey,Lipkin,somber gold,29329
usr879@gt.edu,pass879,Johnna,Daufeldt,wrong distance,36015
usr880@gt.edu,pass880,Chantell,Stem,electric breath,72475
usr881@gt.edu,pass881,Cory,Merced,bored passenger,3440
usr882@gt.edu,pass882,Carlee,Vonasek,cool art,92152
usr883@gt.edu,pass883,Ammie,Vanheusen,earsplitting wheel,80950
usr884@gt.edu,pass884,Donte,Emard,electric sail,26581
usr885@gt.edu,pass885,Sheridan,Amigon,towering middle,28626
usr886@gt.edu,pass886,An,Kines,gigantic train,28371
usr887@gt.edu,pass887,Goldie,Corbley,troubled achiever,19098
usr888@gt.edu,pass888,Tegan,Corrington,worried circle,8105
usr889@gt.edu,pass889,Viola,Mallett,somber toothpaste,15942
usr890@gt.edu,pass890,Daniel,Korando,charming coil,74865
usr891@gt.edu,pass891,Donte,Gobern,sad jam,3580
usr892@gt.edu,pass892,Keneth,Engelberg,stupid week,79901
usr893@gt.edu,pass893,Alyce,Wenner,calculating grape,88521
usr894@gt.edu,pass894,Tasia,Scriven,grieving passenger,94030
usr895@gt.edu,pass895,Alpha,Morocco,obedient sun,54826
usr896@gt.edu,pass896,Helaine,Skursky,wandering wheel,35990
usr897@gt.edu,pass897,Clay,Thyberg,unwieldy pail,5031
usr898@gt.edu,pass898,Jerry,Andreason,finicky touch,96111
usr899@gt.edu,pass899,Dottie,Kardas,stiff fang,8007
usr900@gt.edu,pass900,Jennifer,Dubaldi,cheap circle,14781
usr901@gt.edu,pass901,Ressie,Rhoden,abnormal purpose,80454
usr902@gt.edu,pass902,Norah,Perigo,madly burst,16262
usr903@gt.edu,pass903,Tracey,Gwalthney,habitual breath,24571
usr904@gt.edu,pass904,Claribel,Wiklund,cool nut,20815
usr905@gt.edu,pass905,Taryn,Candlish,grubby pail,39743
usr906@gt.edu,pass906,Adell,Discipio,juicy sack,28504
usr907@gt.edu,pass907,Deeanna,Perruzza,special pets,73449
usr908@gt.edu,pass908,Lauran,Hidvegi,rightful basketball,97020
usr909@gt.edu,pass909,Kallie,Modzelewski,picayune sleet,43216
usr910@gt.edu,pass910,Cory,Candlish,coordinated thought,34947
usr911@gt.edu,pass911,Paris,Stockham,tacit middle,64447
usr912@gt.edu,pass912,Quentin,Berray,substantial wash,30417
usr913@gt.edu,pass913,Arlette,Rodefer,teeny bead,36641
usr914@gt.edu,pass914,Heike,Tomblin,same songs,76689
usr915@gt.edu,pass915,Hubert,Candlish,ten laborer,84042
usr916@gt.edu,pass916,Jolene,Lary,disillusioned match,39451
usr917@gt.edu,pass917,Truman,Boord,shaggy cent,83715
usr918@gt.edu,pass918,Ozell,Suffield,defiant loaf,76460
usr919@gt.edu,pass919,Merilyn,Venere,ubiquitous library,13489
usr920@gt.edu,pass920,Kattie,Dinos,teeny book,76461
usr921@gt.edu,pass921,Roselle,Fillingim,abaft jar,7746
usr922@gt.edu,pass922,Izetta,Samara,hideous rat,70144
usr923@gt.edu,pass923,Ettie,Threets,bored snakes,10160
usr924@gt.edu,pass924,Marjory,Reiber,condemned cart,47997
usr925@gt.edu,pass925,Jennifer,Heimann,massive peace,38324
usr926@gt.edu,pass926,Sage,Jurney,half believe,75838
usr927@gt.edu,pass927,Cherry,Malet,calculating noise,29448
usr928@gt.edu,pass928,Elly,Ogg,remarkable linen,98082
usr929@gt.edu,pass929,Shonda,Wildfong,steady vegetable,85554
usr930@gt.edu,pass930,Lilli,Kohl,steady ink,20841
usr931@gt.edu,pass931,Dalene,Venere,fixed ink,44077
usr932@gt.edu,pass932,Marti,Nicka,fixed beds,34688
usr933@gt.edu,pass933,Albina,Emigh,sneaky battle,14619
usr934@gt.edu,pass934,Yvonne,Emard,cool circle,37019
usr935@gt.edu,pass935,Reena,Agramonte,nonstop breath,18911
usr936@gt.edu,pass936,Laurel,Agramonte,silent gold,15713
usr937@gt.edu,pass937,Flo,Marrier,milky arm,68785
usr938@gt.edu,pass938,Kristeen,Hamilton,absorbing letter,14131
usr939@gt.edu,pass939,Mirta,Fredicks,pricey grape,14784
usr940@gt.edu,pass940,Albina,Bolognia,bored digestion,48079
usr941@gt.edu,pass941,Ciara,Morocco,nonstop side,53584
usr942@gt.edu,pass942,Gracia,Skursky,daily distance,43311
usr943@gt.edu,pass943,Angella,Tolfree,exultant seat,20591
usr944@gt.edu,pass944,Solange,Galam,silent apparatus,1094
usr945@gt.edu,pass945,Beckie,Perruzza,likeable sail,71238
usr946@gt.edu,pass946,Tasia,Nestle,rightful seashore,23665
usr947@gt.edu,pass947,Mireya,Eschberger,remarkable achiever,72217
usr948@gt.edu,pass948,Eden,Patak,sloppy caption,72752
usr949@gt.edu,pass949,Karl,Theodorov,craven wheel,41397
usr950@gt.edu,pass950,Kasandra,Bergesen,kind pipe,71073
usr951@gt.edu,pass951,Devorah,Berlanga,wide-eyed seashore,41043
usr952@gt.edu,pass952,Aliza,Callaro,unruly dress,84638
usr953@gt.edu,pass953,Moon,Limmel,guttural worm,40218
usr954@gt.edu,pass954,Irma,Seewald,slow spy,43025
usr955@gt.edu,pass955,Timothy,Ankeny,milky flight,42404
usr956@gt.edu,pass956,Winfred,Padilla,picayune furniture,60434
usr957@gt.edu,pass957,Daren,Jurney,makeshift quince,78214
usr958@gt.edu,pass958,Kenneth,Wolfgramm,wandering yam,44681
usr959@gt.edu,pass959,Jettie,Hollack,quick toothpaste,78766
usr960@gt.edu,pass960,Shenika,Gabisi,mighty rings,97102
usr961@gt.edu,pass961,Jeanice,Gobern,acceptable chance,76890
usr962@gt.edu,pass962,Yolando,Blackwood,materialistic cheese,20676
usr963@gt.edu,pass963,Antione,Adkin,closed pen,58575
usr964@gt.edu,pass964,Cristy,Bachman,beneficial aunt,19700
usr965@gt.edu,pass965,Eladia,Cantres,spurious health,89160
usr966@gt.edu,pass966,Raymon,Corbley,calculating religion,61454
usr967@gt.edu,pass967,Diane,Gobern,troubled gold,40320
usr968@gt.edu,pass968,Yolando,Palaspas,rude knee,55901
usr969@gt.edu,pass969,Thurman,Semidey,electric linen,56385
usr970@gt.edu,pass970,Frederica,Maillard,penitent grape,63561
usr971@gt.edu,pass971,Josephine,Jayson,fearful pen,84144
usr972@gt.edu,pass972,Kenneth,Scipione,wide-eyed curve,70062
usr973@gt.edu,pass973,Krissy,Kardas,sticky children,72223
usr974@gt.edu,pass974,Bulah,Biddy,half jar,3259
usr975@gt.edu,pass975,Chauncey,Amigon,faithful duck,32255
usr976@gt.edu,pass976,Mirta,Kippley,madly rifle,77502
usr977@gt.edu,pass977,Katina,Berlanga,amused noise,68137
usr978@gt.edu,pass978,Brittni,Treston,future railway,61250
usr979@gt.edu,pass979,Helaine,Modzelewski,cool system,46369
usr980@gt.edu,pass980,Kayleigh,Wolfgramm,guttural trousers,75974
usr981@gt.edu,pass981,Laurel,Mcnease,accurate nose,27985
usr982@gt.edu,pass982,Carlee,Hixenbaugh,calculating cherries,30828
usr983@gt.edu,pass983,Stephen,Tegarden,rude cheese,71162
usr984@gt.edu,pass984,Elvera,Limmel,embarrassed record,21749
usr985@gt.edu,pass985,Ma,Briddick,secret cake,28403
usr986@gt.edu,pass986,Paris,Briddick,ambitious clam,23101
usr987@gt.edu,pass987,Sharika,Comnick,smart library,46274
usr988@gt.edu,pass988,Willard,Arias,incredible hook,85006
usr989@gt.edu,pass989,Dean,Kalafatis,splendid art,2118
usr990@gt.edu,pass990,Tarra,Nicolozakes,lyrical peace,2917
usr991@gt.edu,pass991,Roselle,Felger,hungry cub,92595
usr992@gt.edu,pass992,Benedict,Pelkowski,earsplitting talk,54774
usr993@gt.edu,pass993,Winfred,Buvens,secretive duck,1013
usr994@gt.edu,pass994,Detra,Scheyer,glorious verse,5857
usr995@gt.edu,pass995,Flo,Stockham,long-term clam,54889
usr996@gt.edu,pass996,Kaitlyn,Degonia,powerful library,66110
usr997@gt.edu,pass997,Terrilyn,Keener,nondescript cows,14063
usr998@gt.edu,pass998,Ernie,Lietz,incredible men,92199
usr999@gt.edu,pass999,Lorrine,Engelberg,fixed yak,66094