item_number,email
5,usr002@gt.edu
31,usr006@gt.edu
76,usr010@gt.edu
92,usr013@gt.edu
105,usr015@gt.edu
110,usr015@gt.edu
126,usr018@gt.edu
138,usr019@gt.edu
174,usr026@gt.edu
175,usr026@gt.edu
210,usr031@gt.edu
216,usr031@gt.edu
232,usr035@gt.edu
233,usr035@gt.edu
273,usr039@gt.edu
277,usr040@gt.edu
284,usr041@gt.edu
300,usr043@gt.edu
303,usr044@gt.edu
320,usr046@gt.edu
321,usr046@gt.edu
325,usr047@gt.edu
360,usr050@gt.edu
364,usr051@gt.edu
376,usr052@gt.edu
380,usr053@gt.edu
396,usr055@gt.edu
401,usr055@gt.edu
416,usr057@gt.edu
418,usr057@gt.edu
429,usr059@gt.edu
431,usr059@gt.edu
452,usr061@gt.edu
468,usr063@gt.edu
474,usr065@gt.edu
476,usr065@gt.edu
478,usr065@gt.edu
502,usr068@gt.edu
503,usr068@gt.edu
532,usr074@gt.edu
546,usr076@gt.edu
548,usr076@gt.edu
552,usr077@gt.edu
562,usr078@gt.edu
570,usr079@gt.edu
579,usr080@gt.edu
582,usr080@gt.edu
588,usr081@gt.edu
593,usr081@gt.edu
595,usr082@gt.edu
616,usr084@gt.edu
618,usr084@gt.edu
656,usr088@gt.edu
661,usr088@gt.edu
673,usr090@gt.edu
696,usr092@gt.edu
697,usr093@gt.edu
726,usr095@gt.edu
730,usr096@gt.edu
733,usr096@gt.edu
736,usr096@gt.edu
737,usr096@gt.edu
739,usr097@gt.edu
742,usr097@gt.edu
771,usr101@gt.edu
774,usr102@gt.edu
779,usr103@gt.edu
785,usr104@gt.edu
806,usr107@gt.edu
819,usr108@gt.edu
826,usr109@gt.edu
832,usr110@gt.edu
844,usr112@gt.edu
850,usr113@gt.edu
862,usr114@gt.edu
864,usr114@gt.edu
865,usr114@gt.edu
895,usr118@gt.edu
902,usr119@gt.edu
909,usr120@gt.edu
914,usr121@gt.edu
919,usr123@gt.edu
935,usr125@gt.edu
937,usr126@gt.edu
947,usr128@gt.edu
952,usr128@gt.edu
953,usr128@gt.edu
954,usr128@gt.edu
975,usr131@gt.edu
982,usr132@gt.edu
996,usr134@gt.edu
1005,usr135@gt.edu
1015,usr138@gt.edu
1024,usr138@gt.edu
1030,usr139@gt.edu
1034,usr140@gt.edu
1045,usr142@gt.edu
1081,usr146@gt.edu
1087,usr146@gt.edu
1127,usr152@gt.edu
1149,usr156@gt.edu
1152,usr156@gt.edu
1176,usr158@gt.edu
1194,usr161@gt.edu
1202,usr161@gt.edu
1204,usr161@gt.edu
1209,usr163@gt.edu
1216,usr164@gt.edu
1239,usr166@gt.edu
1241,usr166@gt.edu
1246,usr168@gt.edu
1259,usr170@gt.edu
1273,usr172@gt.edu
1275,usr173@gt.edu
1280,usr173@gt.edu
1286,usr174@gt.edu
1294,usr175@gt.edu
1331,usr181@gt.edu
1355,usr184@gt.edu
1360,usr184@gt.edu
1362,usr184@gt.edu
1365,usr185@gt.edu
1368,usr185@gt.edu
1383,usr187@gt.edu
1385,usr187@gt.edu
1388,usr187@gt.edu
1411,usr190@gt.edu
1419,usr191@gt.edu
1421,usr191@gt.edu
1427,usr193@gt.edu
1463,usr196@gt.edu
1473,usr197@gt.edu
1490,usr200@gt.edu
1502,usr201@gt.edu
1503,usr201@gt.edu
1522,usr204@gt.edu
1533,usr205@gt.edu
1545,usr206@gt.edu
1560,usr208@gt.edu
1588,usr212@gt.edu
1590,usr212@gt.edu
1603,usr213@gt.edu
1610,usr214@gt.edu
1624,usr216@gt.edu
1636,usr217@gt.edu
1637,usr217@gt.edu
1642,usr217@gt.edu
1650,usr218@gt.edu
1651,usr218@gt.edu
1679,usr222@gt.edu
1687,usr223@gt.edu
1708,usr227@gt.edu
1717,usr228@gt.edu
1749,usr233@gt.edu
1750,usr233@gt.edu
1757,usr235@gt.edu
1772,usr237@gt.edu
1779,usr238@gt.edu
1787,usr239@gt.edu
1799,usr240@gt.edu
1800,usr240@gt.edu
1803,usr240@gt.edu
1852,usr247@gt.edu
1862,usr248@gt.edu
1867,usr249@gt.edu
1881,usr251@gt.edu
1894,usr253@gt.edu
1895,usr253@gt.edu
1903,usr255@gt.edu
1906,usr255@gt.edu
1907,usr255@gt.edu
1917,usr256@gt.edu
1918,usr256@gt.edu
1921,usr257@gt.edu
1923,usr257@gt.edu
1942,usr260@gt.edu
1981,usr265@gt.edu
1999,usr268@gt.edu
2013,usr270@gt.edu
2070,usr277@gt.edu
2094,usr280@gt.edu
2095,usr280@gt.edu
2100,usr281@gt.edu
2107,usr282@gt.edu
2114,usr283@gt.edu
2133,usr285@gt.edu
2155,usr289@gt.edu
2161,usr289@gt.edu
2172,usr292@gt.edu
2176,usr292@gt.edu
2177,usr293@gt.edu
2186,usr294@gt.edu
2220,usr299@gt.edu
2236,usr301@gt.edu
2267,usr306@gt.edu
2268,usr306@gt.edu
2270,usr307@gt.edu
2271,usr307@gt.edu
2288,usr309@gt.edu
2306,usr312@gt.edu
2316,usr313@gt.edu
2334,usr315@gt.edu
2337,usr315@gt.edu
2342,usr316@gt.edu
2345,usr316@gt.edu
2353,usr317@gt.edu
2374,usr320@gt.edu
2412,usr326@gt.edu
2419,usr327@gt.edu
2425,usr327@gt.edu
2427,usr328@gt.edu
2441,usr330@gt.edu
2457,usr333@gt.edu
2466,usr335@gt.edu
2467,usr335@gt.edu
2517,usr340@gt.edu
2530,usr342@gt.edu
2531,usr343@gt.edu
2545,usr344@gt.edu
2554,usr345@gt.edu
2557,usr346@gt.edu
2564,usr348@gt.edu
2566,usr348@gt.edu
2575,usr349@gt.edu
2594,usr352@gt.edu
2597,usr352@gt.edu
2604,usr353@gt.edu
2609,usr354@gt.edu
2627,usr356@gt.edu
2641,usr357@gt.edu
2653,usr359@gt.edu
2665,usr360@gt.edu
2673,usr361@gt.edu
2685,usr362@gt.edu
2703,usr364@gt.edu
2713,usr366@gt.edu
2718,usr366@gt.edu
2721,usr367@gt.edu
2746,usr370@gt.edu
2752,usr370@gt.edu
2765,usr372@gt.edu
2780,usr374@gt.edu
2789,usr375@gt.edu
2832,usr381@gt.edu
2842,usr382@gt.edu
2843,usr382@gt.edu
2846,usr382@gt.edu
2850,usr383@gt.edu
2869,usr385@gt.edu
2882,usr387@gt.edu
2896,usr388@gt.edu
2909,usr389@gt.edu
2925,usr392@gt.edu
2934,usr392@gt.edu
2955,usr395@gt.edu
2978,usr397@gt.edu
2983,usr398@gt.edu
2999,usr400@gt.edu
3012,usr403@gt.edu
3016,usr403@gt.edu
3058,usr407@gt.edu
3067,usr409@gt.edu
3086,usr411@gt.edu
3089,usr412@gt.edu
3093,usr412@gt.edu
3094,usr412@gt.edu
3108,usr414@gt.edu
3119,usr415@gt.edu
3130,usr417@gt.edu
3131,usr417@gt.edu
3149,usr420@gt.edu
3165,usr422@gt.edu
3179,usr426@gt.edu
3181,usr427@gt.edu
3182,usr427@gt.edu
3183,usr427@gt.edu
3192,usr428@gt.edu
3225,usr433@gt.edu
3226,usr433@gt.edu
3255,usr438@gt.edu
3267,usr440@gt.edu
3271,usr441@gt.edu
3279,usr442@gt.edu
3331,usr450@gt.edu
3339,usr451@gt.edu
3353,usr452@gt.edu
3365,usr454@gt.edu
3381,usr456@gt.edu
3403,usr459@gt.edu
3409,usr460@gt.edu
3417,usr461@gt.edu
3427,usr463@gt.edu
3434,usr464@gt.edu
3435,usr464@gt.edu
3437,usr464@gt.edu
3442,usr465@gt.edu
3461,usr469@gt.edu
3463,usr469@gt.edu
3483,usr473@gt.edu
3553,usr482@gt.edu
3568,usr484@gt.edu
3570,usr484@gt.edu
3574,usr485@gt.edu
3579,usr486@gt.edu
3595,usr488@gt.edu
3598,usr489@gt.edu
3606,usr490@gt.edu
3610,usr490@gt.edu
3611,usr491@gt.edu
3612,usr491@gt.edu
3620,usr493@gt.edu
3627,usr493@gt.edu
3628,usr493@gt.edu
3652,usr496@gt.edu
3655,usr497@gt.edu
3661,usr497@gt.edu
3667,usr498@gt.edu
3679,usr500@gt.edu
3696,usr502@gt.edu
3719,usr504@gt.edu
3723,usr506@gt.edu
3725,usr506@gt.edu
3727,usr506@gt.edu
3728,usr506@gt.edu
3742,usr508@gt.edu
3752,usr509@gt.edu
3755,usr510@gt.edu
3772,usr511@gt.edu
3779,usr512@gt.edu
3819,usr516@gt.edu
3825,usr517@gt.edu
3846,usr519@gt.edu
3848,usr519@gt.edu
3871,usr523@gt.edu
3879,usr524@gt.edu
3893,usr526@gt.edu
3919,usr528@gt.edu
3928,usr529@gt.edu
3933,usr530@gt.edu
3934,usr530@gt.edu
3938,usr531@gt.edu
3943,usr531@gt.edu
3963,usr534@gt.edu
3996,usr538@gt.edu
3997,usr538@gt.edu
4011,usr540@gt.edu
4012,usr540@gt.edu
4017,usr542@gt.edu
4021,usr543@gt.edu
4049,usr547@gt.edu
4054,usr548@gt.edu
4056,usr548@gt.edu
4057,usr549@gt.edu
4066,usr549@gt.edu
4079,usr551@gt.edu
4092,usr553@gt.edu
4099,usr553@gt.edu
4123,usr557@gt.edu
4126,usr557@gt.edu
4136,usr559@gt.edu
4139,usr560@gt.edu
4176,usr564@gt.edu
4195,usr566@gt.edu
4204,usr568@gt.edu
4224,usr571@gt.edu
4230,usr572@gt.edu
4267,usr577@gt.edu
4272,usr578@gt.edu
4293,usr580@gt.edu
4306,usr583@gt.edu
4307,usr583@gt.edu
4366,usr591@gt.edu
4371,usr592@gt.edu
4372,usr592@gt.edu
4376,usr593@gt.edu
4377,usr593@gt.edu
4395,usr595@gt.edu
4401,usr596@gt.edu
4430,usr600@gt.edu
4446,usr603@gt.edu
4457,usr604@gt.edu
4501,usr610@gt.edu
4503,usr611@gt.edu
4509,usr611@gt.edu
4540,usr615@gt.edu
4544,usr615@gt.edu
4555,usr617@gt.edu
4559,usr617@gt.edu
4562,usr617@gt.edu
4564,usr618@gt.edu
4602,usr623@gt.edu
4618,usr626@gt.edu
4633,usr627@gt.edu
4635,usr628@gt.edu
4655,usr629@gt.edu
4678,usr633@gt.edu
4696,usr636@gt.edu
4699,usr636@gt.edu
4703,usr637@gt.edu
4757,usr644@gt.edu
4759,usr645@gt.edu
4761,usr645@gt.edu
4774,usr646@gt.edu
4797,usr648@gt.edu
4798,usr648@gt.edu
4802,usr649@gt.edu
4811,usr650@gt.edu
4816,usr651@gt.edu
4822,usr651@gt.edu
4823,usr651@gt.edu
4830,usr652@gt.edu
4845,usr654@gt.edu
4863,usr656@gt.edu
4867,usr657@gt.edu
4871,usr658@gt.edu
4878,usr658@gt.edu
4879,usr659@gt.edu
4892,usr660@gt.edu
4894,usr660@gt.edu
4912,usr663@gt.edu
4923,usr665@gt.edu
4938,usr666@gt.edu
4941,usr666@gt.edu
4944,usr667@gt.edu
4952,usr668@gt.edu
4966,usr671@gt.edu
5000,usr674@gt.edu
5005,usr676@gt.edu
5031,usr679@gt.edu
5058,usr682@gt.edu
5071,usr683@gt.edu
5073,usr683@gt.edu
5079,usr684@gt.edu
5090,usr686@gt.edu
5113,usr688@gt.edu
5119,usr690@gt.edu
5120,usr690@gt.edu
5162,usr696@gt.edu
5188,usr701@gt.edu
5200,usr703@gt.edu
5205,usr705@gt.edu
5223,usr707@gt.edu
5232,usr708@gt.edu
5243,usr709@gt.edu
5248,usr709@gt.edu
5260,usr711@gt.edu
5263,usr711@gt.edu
5269,usr712@gt.edu
5273,usr712@gt.edu
5285,usr714@gt.edu
5300,usr715@gt.edu
5307,usr716@gt.edu
5336,usr721@gt.edu
5345,usr723@gt.edu
5353,usr723@gt.edu
5355,usr724@gt.edu
5359,usr724@gt.edu
5369,usr725@gt.edu
5386,usr727@gt.edu
5413,usr731@gt.edu
5421,usr732@gt.edu
5434,usr733@gt.edu
5442,usr734@gt.edu
5456,usr736@gt.edu
5466,usr737@gt.edu
5487,usr739@gt.edu
5500,usr741@gt.edu
5519,usr743@gt.edu
5521,usr743@gt.edu
5533,usr745@gt.edu
5534,usr745@gt.edu
5570,usr750@gt.edu
5574,usr750@gt.edu
5578,usr751@gt.edu
5593,usr752@gt.edu
5604,usr754@gt.edu
5606,usr754@gt.edu
5627,usr756@gt.edu
5638,usr758@gt.edu
5666,usr761@gt.edu
5684,usr764@gt.edu
5724,usr770@gt.edu
5729,usr770@gt.edu
5782,usr777@gt.edu
5795,usr779@gt.edu
5806,usr780@gt.edu
5810,usr780@gt.edu
5815,usr780@gt.edu
5816,usr781@gt.edu
5828,usr782@gt.edu
5829,usr782@gt.edu
5831,usr782@gt.edu
5832,usr782@gt.edu
5836,usr783@gt.edu
5859,usr787@gt.edu
5862,usr788@gt.edu
5940,usr798@gt.edu
5947,usr799@gt.edu
5948,usr800@gt.edu
5955,usr800@gt.edu
5962,usr802@gt.edu
5974,usr803@gt.edu
5991,usr804@gt.edu
5995,usr805@gt.edu
6013,usr807@gt.edu
6020,usr808@gt.edu
6021,usr808@gt.edu
6026,usr809@gt.edu
6030,usr810@gt.edu
6045,usr812@gt.edu
6049,usr812@gt.edu
6054,usr813@gt.edu
6060,usr813@gt.edu
6063,usr813@gt.edu
6074,usr816@gt.edu
6079,usr816@gt.edu
6090,usr818@gt.edu
6115,usr822@gt.edu
6131,usr824@gt.edu
6180,usr829@gt.edu
6197,usr832@gt.edu
6200,usr832@gt.edu
6214,usr835@gt.edu
6216,usr835@gt.edu
6219,usr835@gt.edu
6232,usr837@gt.edu
6234,usr837@gt.edu
6239,usr838@gt.edu
6261,usr841@gt.edu
6278,usr843@gt.edu
6296,usr846@gt.edu
6313,usr850@gt.edu
6328,usr852@gt.edu
6333,usr852@gt.edu
6334,usr852@gt.edu
6372,usr857@gt.edu
6386,usr859@gt.edu
6388,usr860@gt.edu
6390,usr861@gt.edu
6395,usr862@gt.edu
6428,usr866@gt.edu
6445,usr869@gt.edu
6454,usr870@gt.edu
6479,usr874@gt.edu
6517,usr879@gt.edu
6524,usr879@gt.edu
6526,usr880@gt.edu
6559,usr884@gt.edu
6573,usr886@gt.edu
6575,usr886@gt.edu
6593,usr889@gt.edu
6625,usr893@gt.edu
6630,usr894@gt.edu
6651,usr898@gt.edu
6662,usr898@gt.edu
6666,usr899@gt.edu
6668,usr899@gt.edu
6673,usr900@gt.edu
6674,usr900@gt.edu
6678,usr900@gt.edu
6683,usr900@gt.edu
6701,usr902@gt.edu
6728,usr907@gt.edu
6729,usr907@gt.edu
6734,usr907@gt.edu
6735,usr907@gt.edu
6745,usr909@gt.edu
6752,usr910@gt.edu
6756,usr910@gt.edu
6764,usr912@gt.edu
6784,usr916@gt.edu
6790,usr917@gt.edu
6818,usr921@gt.edu
6836,usr924@gt.edu
6853,usr926@gt.edu
6854,usr926@gt.edu
6855,usr926@gt.edu
6870,usr928@gt.edu
6892,usr930@gt.edu
6904,usr932@gt.edu
6905,usr932@gt.edu
6911,usr933@gt.edu
6946,usr937@gt.edu
6953,usr938@gt.edu
6955,usr939@gt.edu
6964,usr939@gt.edu
6980,usr941@gt.edu
6991,usr943@gt.edu
7004,usr945@gt.edu
7006,usr945@gt.edu
7038,usr948@gt.edu
7047,usr949@gt.edu
7055,usr950@gt.edu
7077,usr952@gt.edu
7078,usr953@gt.edu
7088,usr954@gt.edu
7127,usr961@gt.edu
7129,usr961@gt.edu
7135,usr961@gt.edu
7145,usr962@gt.edu
7150,usr963@gt.edu
7151,usr963@gt.edu
7160,usr964@gt.edu
7169,usr966@gt.edu
7178,usr967@gt.edu
7197,usr971@gt.edu
7200,usr971@gt.edu
7204,usr972@gt.edu
7211,usr972@gt.edu
7251,usr978@gt.edu
7288,usr982@gt.edu
7319,usr986@gt.edu
7328,usr987@gt.edu
7344,usr989@gt.edu
7353,usr991@gt.edu
7359,usr992@gt.edu
7364,usr992@gt.edu
7380,usr994@gt.edu
7383,usr995@gt.edu
7388,usr995@gt.edu
7393,usr996@gt.edu
7416,usr999@gt.edu
7419,usr999@gt.edu